Region_Area_State,Year,Wind_speed,Rainfall_actual,Rainfall_normal,Population_Urban,Population_Rural,Fishing_Inland,Fishing_Marine,MSW,Atmosheric_Microplastics,Beach_Plastics,Summer,Spring,Winter,Covid_19,Plastic_Production
Andaman and Nicobar Islands,2020,26,1712.4,1653.8,170000,229000,0.00,0.39,35661,231.591,,31.46,27.8,24.19,1155753.69,387.9723
Andhra Pradesh,2020,29.1,1481.3,998.5,18343000,34256000,28.14,5.83,2422697,20841.100,5353.52,33.51,28.06,22.66,630997062.70,46472.92
Arunachal Pradesh,2020,14.7,1943.7,1726.6,381000,1141000,0.05,0.00,52543,883.412,,24.17,18.89,13.66,15741474.12,2748.0836
Assam,2020,13.9,2147.50,1773.70,5301000,29492000,3.37,0.00,1755396,36693.880,,27.96,23.33,18.75,159645509.10,25243.0705
Bihar,2020,23,1272.5,1017.2,14708000,107187000,5.95,0.00,1158359,70751.307,,30.97,25.18,19.44,144369420.90,41978.3428
Chandigarh,2020,21.5,379.8,444,1194000,4000,0.00,0.00,176204,695.353,,29.71,23.71,17.73,187833561.40,6825.7668
Chhattisgarh,2020,23.6,1234.3,1142.1,7680000,21557000,4.64,0.00,1035585,16969.982,,32,25.98,20.01,39453475.65,33288.3491
Dadra and Nagar Haveli and Daman and Diu,2020,25.2,2181.2,1430.10,357000,243000,0.00,0.22,25104,348.257,439.668,,,,2600899.40,1829.1079
Delhi,2020,19.2,379.8,444,20171000,148000,0.01,0.00,3999642,43435.450,,31.49,25.31,19.2,1603479425.00,234906.5935
Goa,2020,24.1,3662.7,2875.3,1132000,421000,0.05,1.13,74060,901.405,439.668,31.67,27.28,22.94,22108098.45,26236.9436
Gujarat,2020,23.9,2181.2,1430.10,32791000,36380000,1.39,7.29,3716433,27250.880,6676.99,33.97,27.44,20.95,19828696.35,413739.7812
Haryana,2020,21.4,379.8,444,11839000,17374000,1.72,0.00,1854064,80301.290,,31.46,25.09,18.77,895357122.00,149816.1329
Himachal Pradesh,2020,12.6,565.5,763.5,754000,6608000,0.13,0.00,130603,4273.113,,15.03,10.07,5.13,67646063.90,13770.9153
Jammu and Kashmir,2020,8.8,376.2,566,3983000,9357000,0.21,0.00,717457,7742.913,,,,,171406255.50,75408.57
Jharkhand,2020,21.6,899.2,1054.7,9802000,28313000,1.83,0.00,734050,31690.520,,30.54,24.69,18.88,11203734.75,43947.7177
Karnataka,2020,22.7,5242,4274.00,28681000,37815000,1.93,4.14,3569655,17841.970,1538.09,31.94,26.51,21.13,1449.98,298729.5481
Kerala,2020,20.8,2228.2,2049.3,24591000,10777000,1.95,5.11,1246825,41838.170,3132.82,31.09,27.01,22.98,1.96,132079.668
Lakshadweep,2020,30.3,1345.4,1013.1,65000,3000,0.00,0.22,12966,39.469,,31.36,28.3,25.31,938.93,46
Madhya Pradesh,2020,22.8,2002.5,1906.10,24037000,59718000,1.60,0.00,2632934,25097.240,,32.34,25.75,19.2,37475395.04,122752.7343
Maharashtra,2020,21.7,6347.3,5238.4,59121000,64555000,1.43,4.70,8645397,71785.050,3585.9,33.46,27.04,20.67,16194159.44,447863.1016
Manipur,2020,16,965.4,1426.70,997000,2145000,0.33,0.00,42172,1823.706,,24.28,19.7,15.17,31549450.98,8375.6367
Meghalaya,2020,11.2,2147.50,1773.70,671000,2593000,0.13,0.00,57122,10448.260,,25.84,21.66,17.54,14757178.40,5092.9306
Mizoram,2020,9,965.4,1426.70,657000,550000,0.08,0.00,75510,4516.950,,25.81,21.33,16.9,10545118.44,7988.4209
Nagaland,2020,8.5,965.4,1426.70,914000,1263000,0.09,0.00,107291,1263.592,,23.99,19.32,14.7,825538.35,570.7679
Odisha,2020,29.1,1140.9,1155.3,8342000,37123000,5.36,1.57,567390,61087.140,2620.12,31.23,25.86,20.53,512693788.40,45687.0901
Puducherry,2020,28.8,437,342,1081000,468000,0.07,0.47,165698,899.083,166.925,32.92,28.93,25.01,443437471.10,12016.7636
Punjab,2020,21.5,391.7,467.3,12331000,17848000,1.38,0.00,1654738,39604.450,,30.94,24.54,18.18,197441557.80,93634.634
Rajasthan,2020,24.9,922.7,868.20,20623000,57986000,0.66,0.00,2487220,25207.520,,33.15,26.08,19.06,500053072.60,52641.0135
Sikkim,2020,9.3,2628.8,1970.8,293000,379000,0.00,0.00,27558,390.048,,10.4,4.57,-1.23,15164504.46,69.7263
Tamil Nadu,2020,28.1,437,342,39985000,36182000,1.97,5.15,4174256,26288.260,4983.9,32.61,28.07,23.58,2052641233.00,433486.7084
Telangana,2020,26.3,1095.4,751.9,17135000,20401000,2.63,0.00,3069388,20691.700,,,,,345148512.30,235240.5675
Tripura,2020,18.3,965.4,1426.70,146600,3895400,0.75,0.00,154097,2346.091,,29.3,24.51,19.77,1238307.53,32.3198
Uttar Pradesh,2020,20.6,1240.1,1560.70,54127000,174804000,6.47,0.00,5929660,14066.310,,32.08,25.62,19.21,1734203876.00,163261.7717
Uttarakhand,2020,16.1,943.2,1176.9,3920000,7393000,0.05,0.00,473094,6566.385,,19.2,14.14,9.11,157701411.70,25493.6998
West Bengal,2020,29,3689.8,3152.30,34865000,62854000,15.92,1.77,4511576,25863.900,864.432,30.65,25.51,20.42,1349930289.00,302121.9627
Andaman and Nicobar Islands,2019,32.9,2331.3,1653.8,168000,230000,0.00,0.40,20075,537.463,,31.42,27.76,24.15,,387
Andhra Pradesh,2019,33.9,1100.5,998.5,17935000,34380000,36.10,5.64,2469590,56468.040,3636.9,33.82,28.37,22.97,,46222
Arunachal Pradesh,2019,12.8,1538.2,1726.6,374000,1133000,0.05,0.00,73365,2035.067,,24.32,19.01,13.73,,2721
Assam,2019,12,1567.9,1773.70,5202000,29216000,3.73,0.00,384710,53748.180,,28.1,23.44,18.83,,24971
Bihar,2019,23.3,1050.4,1017.2,14397000,105717000,6.41,0.00,1727910,162203.050,,31.23,25.37,19.57,,41365
Chandigarh,2019,19,258.6,444,1178000,6000,0.01,0.00,197465,1598.884,,29.43,23.56,17.74,,6746
Chhattisgarh,2019,23.2,1255.6,1142.1,7486000,21366000,5.72,0.00,602250,38962.006,,32.31,26.29,20.32,,32850
Dadra and Nagar Haveli and Daman and Diu,2019,25,2033.1,1430.10,397000,242000,0.00,0.32,19710,862.911,298.6875,,,,,1948
Delhi,2019,20.3,258.6,444,19768000,172000,0.01,0.00,3950395,118095.490,,31.38,25.28,19.23,,230525
Goa,2019,24.5,4385.8,2875.3,1108000,435000,0.04,1.01,49640,2083.681,298.6875,31.78,27.39,23.05,,26068
Gujarat,2019,23.2,2033.1,1430.10,32010000,36235000,1.58,7.01,3368220,49573.730,4536,33.95,27.41,20.93,,408201
Haryana,2019,20.3,258.6,444,11503000,17304000,1.91,0.00,1940340,215832.760,,31.36,25.06,18.81,,147734
Himachal Pradesh,2019,16.5,684.2,763.5,748000,6567000,0.14,0.00,118990,9878.243,,14.76,9.95,5.17,,13683
Jammu and Kashmir,2019,9.1,445.8,567.5,3918000,9319000,0.21,0.00,346385,17875.367,,,,,,74826.33
Jharkhand,2019,20.5,865.6,1054.7,9599000,27982000,2.23,0.00,721970,55751.050,,30.87,24.96,19.09,,43332
Karnataka,2019,27.6,5248,4274.00,28140000,37833000,2.29,4.03,2247670,40529.390,1044.9,32.1,26.67,21.28,,296380
Kerala,2019,19.2,2310.2,2049.3,23675000,11511000,2.05,4.75,876000,27157.020,2128.28,31.13,27.05,23.02,,131400
Lakshadweep,2019,32.6,1231.7,1013.1,64000,4000,0.00,0.20,12966,91.828,,31.32,28.26,25.27,,46
Madhya Pradesh,2019,22.4,2692.7,1906.10,23618000,58995000,2.00,0.00,2155690,22330.250,,32.53,25.94,19.4,,121079
Maharashtra,2019,24.2,7198,5238.4,58240000,64293000,1.18,4.43,8374925,165469.690,2436.07,33.63,27.2,20.83,,443724
Manipur,2019,14.2,1114.8,1426.7,979000,2132000,0.32,0.00,2920,4201.123,,24.52,19.85,15.24,,8293
Meghalaya,2019,11.7,1567.9,1773.70,663000,2569000,0.14,0.00,365,7304.440,,26.01,21.82,17.68,,5043
Mizoram,2019,7.7,1114.8,1426.7,648000,547000,0.07,0.00,71540,1613.739,,26.08,21.54,17.07,,7909
Nagaland,2019,8.3,1114.8,1426.7,874000,1281000,0.09,0.00,43435,2910.132,,24.19,19.41,14.7,,565
Odisha,2019,28.8,1232.5,1155.3,8197000,36922000,6.60,1.58,694960,134299.550,1779.97,31.54,26.16,20.82,,45339.4
Puducherry,2019,30,401.9,342.00,1056000,459000,0.07,0.44,100375,2045.870,113.4,33.07,29.08,25.15,,11753
Punjab,2019,19,444.3,467.3,12125000,17814000,1.51,0.00,1479710,74426.900,,30.77,24.45,18.19,,92890
Rajasthan,2019,23.3,1234.5,868.20,20248000,57353000,1.16,0.00,2460465,59534.620,,33.17,26.1,19.08,,51966
Sikkim,2019,13.8,1884.1,1970.8,276000,389000,0.00,0.00,25550,898.022,,10.63,4.79,-1.03,,69
Tamil Nadu,2019,27.7,401.9,342.00,39465000,36348000,1.74,5.83,4549360,39521.220,3385.8,32.72,28.18,23.69,,431472
Telangana,2019,28.1,805,759.6,16748000,20535000,3.00,0.00,3695990,48492.380,,,,,,233655
Tripura,2019,18.9,1114.8,1426.7,1407000,2595000,0.78,0.00,118990,5404.338,,29.56,24.72,19.93,,32
Uttar Pradesh,2019,22.9,1374.1,1560.70,53100000,172867000,6.99,0.00,5280820,35802.360,,32.17,25.74,19.36,,161148
Uttarakhand,2019,18.7,960.4,1176.9,3822000,7362000,0.05,0.00,566845,15102.976,,18.95,14.05,9.19,,25203
West Bengal,2019,28.3,2825,3152.3,34247000,62862000,16.19,1.63,2874740,70032.470,587.25,30.93,25.73,20.58,,300236
Andaman and Nicobar Islands,2018,36.7,1569.2,1682.5,165000,231000,0.00,0.40,43800,379.829,,30.98,27.32,23.72,,1850
Andhra Pradesh,2018,37.2,833.7,979.4,17531000,34501000,33.91,6.00,2350600,57763.180,12127.8,33.48,28.03,22.63,,66314
Arunachal Pradesh,2018,10.9,1198.4,1768,367000,1126000,0.05,0.00,98900,1432.034,,24,18.76,13.56,,3787.37
Assam,2018,11.4,1322.9,1792.8,5104000,28939000,3.31,0.00,472187,32652.866,,27.92,23.21,18.57,,32277.87
Bihar,2018,22.6,770.8,1027.6,14088000,104245000,6.02,0.00,829280,113500.912,,31.12,25.2,19.32,,68903.328
Chandigarh,2018,18,423.1,466.3,1162000,8000,0.01,0.00,171550,1122.223,,30.29,24.42,18.58,,11715.4
Chhattisgarh,2018,23.7,1101.5,1153.3,7295000,21173000,4.89,0.00,602250,27305.519,,32.11,26.07,20.1,,6000
Dadra and Nagar Haveli and Daman and Diu,2018,23.2,1012.1,1392.2,438000,239000,0.00,0.28,35770,649.355,996.025,,,,,1947.7
Delhi,2018,18,423.1,466.3,19364000,197000,0.01,0.00,3948205,129622.320,,32.14,26.03,19.98,,224810
Goa,2018,23.5,2883.4,2914.7,1084000,450000,0.05,1.15,86290,1471.360,996.025,31.66,27.27,22.93,,32580.52
Gujarat,2018,22.4,1012.1,1392.2,31235000,36084000,1.42,6.99,3911340,27112.030,15126,34.27,27.74,21.26,,356873
Haryana,2018,19.8,423.1,466.3,11173000,17228000,1.80,0.00,1692063,223950.970,,32.15,25.84,19.58,,68735.26
Himachal Pradesh,2018,16.6,917.3,825.3,741000,6527000,0.13,0.00,141985,6971.214,,15.57,10.74,5.94,,3672
Jammu and Kashmir,2018,11.3,597.3,534.6,3854000,9281000,0.21,0.00,558643,12598.637,,,,,,34367.37
Jharkhand,2018,17.5,784.3,1091.9,9397000,27650000,2.08,0.00,804825,53995.440,,30.64,24.65,18.7,,51454.53
Karnataka,2018,28.4,4104.9,4249.8,27604000,37846000,1.98,3.90,4364670,39236.550,3484.39,31.88,26.44,21.06,,272776
Kerala,2018,25.8,2517.3,2039.6,22754000,12249000,1.92,6.09,1424603,33031.810,7097.09,30.82,26.73,22.71,,133316
Lakshadweep,2018,37.1,553.2,998.5,63000,4000,0.00,0.22,12775,64.264,,30.98,27.92,24.93,,148
Madhya Pradesh,2018,22.5,1756.9,1927.3,23200000,58271000,1.73,0.00,2920000,78144.160,,32.63,26.04,19.49,,72327.39
Maharashtra,2018,26.3,4958.8,5281.5,57364000,64027000,1.00,4.68,8703261,116434.040,8123.5,33.56,27.14,20.76,,409630
Manipur,2018,12.3,1258.4,1496.9,961000,2119000,0.32,0.00,79789,2954.229,,24.15,19.5,14.91,,12453.8
Meghalaya,2018,9.7,1322.9,1792.8,655000,2545000,0.13,0.00,62280,3069.329,,25.8,21.51,17.28,,1263
Mizoram,2018,7.8,1258.4,1496.9,638000,546000,0.07,0.00,91768,1135.652,,25.68,21.1,16.58,,13.306
Nagaland,2018,7.4,1258.4,1496.9,836000,1298000,0.09,0.00,123918,2046.859,,23.85,19.13,14.47,,268.18
Odisha,2018,25.2,1290.2,1149.9,8054000,36720000,6.00,1.59,936017,113591.530,5935.62,31.29,25.86,20.47,,90138.98
Puducherry,2018,25.7,290.7,317.2,1030000,451000,0.07,0.40,218726,1420.524,378.151,32.71,28.72,24.79,,8433
Punjab,2018,18,527.4,491.9,11920000,17779000,1.35,0.00,1691585,58328.480,,31.61,25.29,19.01,,119414.64
Rajasthan,2018,21.5,837,879,19874000,56718000,0.55,0.00,2418329,73898.290,,33.75,26.68,19.66,,104704.383
Sikkim,2018,13.4,1740.6,2006.2,260000,399000,0.00,0.00,27412,632.090,,10.41,4.49,-1.41,,5.66
Tamil Nadu,2018,24.2,290.7,317.2,38948000,36512000,1.70,5.20,5098320,19032.100,11290.5,32.36,27.82,23.33,,401091
Telangana,2018,28.9,741.1,759.2,16365000,20665000,2.84,0.00,3101405,50644.630,,,,,,183014.65
Tripura,2018,15.5,1258.4,1496.9,1350000,2613000,0.70,0.00,162688,3801.172,,29.2,24.3,19.45,,26.2
Uttar Pradesh,2018,20.4,1532.7,1667,52081000,170922000,6.62,0.00,6342715,43524.620,,32.56,26.12,19.73,,254401.8
Uttarakhand,2018,16.3,1194.3,1229.1,3726000,7329000,0.05,0.00,557522,10603.573,,19.73,14.81,9.93,,31093
West Bengal,2018,21.4,2677.4,3174.1,33635000,62865000,16.19,1.63,5333855,40717.810,1958.28,30.7,25.42,20.19,,300236.12
Andaman and Nicobar Islands,2017,30.5,1526,1682.5,162000,232000,0.00,0.39,35214,312.754,,31.23,27.58,23.99,,1840.6565
Andhra Pradesh,2017,31.6,1168.9,979.4,17133000,34616000,28.45,6.05,2383547,32868.550,8222.99,33.74,28.29,22.89,,65953.3207
Arunachal Pradesh,2017,7.8,1572.3,1768,360000,1118000,0.04,0.00,74445,1173.224,,24.41,19.09,13.82,,6
Assam,2017,9.1,1614.5,1792.8,5007000,28661000,3.27,0.00,1698637,26725.371,,28.19,23.57,19,,31922.3137
Bihar,2017,22.6,936.8,1027.6,13780000,102771000,5.88,0.00,829280,92517.189,,31.39,25.57,19.8,,2280
Chandigarh,2017,17.2,345.8,466.3,1145000,10000,0.00,0.00,182500,916.829,,30.4,24.45,18.54,,12775
Chhattisgarh,2017,22.4,1039.4,1153.3,7107000,20977000,4.57,0.00,730000,22292.840,,32.42,26.4,20.43,,5919.067
Dadra and Nagar Haveli and Daman and Diu,2017,21.3,1641.6,1392.2,480000,237000,0.00,0.24,30000,569.148,675.33,,,,,2062.7782
Delhi,2017,18.1,345.8,466.3,18959000,223000,0.01,0.00,3775832,125789.600,,32.21,26.07,19.97,,220454.2416
Goa,2017,19.1,3206,2914.7,1060000,464000,0.06,1.18,72677,1209.738,675.33,31.78,27.39,23.05,,32368.1306
Gujarat,2017,22.3,1641.6,1392.2,30469000,35924000,1.38,7.01,3567176,6479.220,10255.8,34.09,27.56,21.07,,269808
Haryana,2017,19.3,345.8,466.3,10846000,17150000,1.90,0.00,1776824,182872.100,,32.19,25.84,19.54,,67755.0909
Himachal Pradesh,2017,16.5,720.7,825.3,735000,6486000,0.13,0.00,128101,5731.968,,15.67,10.78,5.93,,3648.2542
Jammu and Kashmir,2017,10.9,545.4,534.6,3791000,9242000,0.21,0.00,583007,10345.484,,,,,,27870
Jharkhand,2017,17.3,978.8,1091.9,9197000,27315000,1.90,0.00,703178,16699.950,,,,,,50711.4691
Karnataka,2017,23.7,3789.5,4249.8,27073000,37853000,1.88,4.14,3485373,43142.820,2362.51,32.03,26.59,21.21,,270592.1249
Kerala,2017,20.3,1857.4,2039.6,21832000,12989000,1.89,4.84,1398517,12325.810,4812,30.98,26.9,22.87,,132622.8162
Lakshadweep,2017,31.4,1108.3,998.5,62000,5000,0.00,0.21,12775,53.184,,31.18,28.13,25.13,,148
Madhya Pradesh,2017,21.6,1533.8,1927.3,22785000,57544000,1.43,0.00,2632380,63764.475,,32.76,26.17,19.62,,61037
Maharashtra,2017,23.8,5432.4,5281.5,56494000,63755000,1.31,4.75,8405837,38676.460,5507.94,33.7,27.27,20.9,,405776.3579
Manipur,2017,8.5,1870.7,1496.9,944000,2106000,0.33,0.00,40937,2421.064,,24.31,19.81,15.35,,24
Meghalaya,2017,8.3,1614.5,1792.8,647000,2522000,0.12,0.00,76650,2515.525,,26.02,21.89,17.81,,15.096
Mizoram,2017,7.7,1870.7,1496.9,629000,543000,0.08,0.00,73320,930.324,,25.9,21.51,17.17,,13.1711
Nagaland,2017,6.5,1870.7,1496.9,797000,1316000,0.09,0.00,127020,1677.281,,24.11,19.47,14.87,,14052.5
Odisha,2017,25.5,1051.7,1149.9,7912000,36516000,5.34,1.51,196896,3451.310,4024.5,31.61,26.25,20.94,,12092.205
Puducherry,2017,26,414.1,317.2,1004000,443000,0.07,0.42,154787,1148.616,256.396,32.86,28.87,24.94,,8239.3997
Punjab,2017,17.2,384.9,491.9,11717000,17743000,1.37,0.00,1615314,59597.900,,31.65,25.28,18.96,,54066.1
Rajasthan,2017,21.3,931.7,879,19503000,56081000,0.54,0.00,2391508,37251.210,,33.62,26.55,19.53,,103326.4059
Sikkim,2017,17.2,2039.8,2006.2,244000,408000,0.00,0.00,26769,517.552,,10.88,4.97,-0.91,,5.7207
Tamil Nadu,2017,25.8,414.1,317.2,38435000,36671000,1.85,4.97,5538733,19269.800,7655.25,32.53,27.99,23.5,,399209.391
Telangana,2017,28.8,657.4,755.2,15987000,20791000,2.70,0.00,2848460,51499.130,,,,,,181769.1816
Tripura,2017,18.1,1870.7,1496.9,1294000,2630000,0.77,0.00,158118,3114.838,,29.42,24.7,20.04,,28.5
Uttar Pradesh,2017,21.2,1179.5,1667,51068000,168971000,6.29,0.00,5657500,44288.990,,32.71,26.26,19.86,,206733.4505
Uttarakhand,2017,14.9,1199,1229.1,3631000,7296000,0.05,0.00,401135,8673.759,,19.88,14.87,9.9,,0
West Bengal,2017,22.9,3172.8,3174.1,33030000,62861000,15.57,1.85,4427179,76117.457,1327.77,30.92,25.82,20.77,,298341.3656
Andaman and Nicobar Islands,2016,31.7,1562.6,1682.5,159000,233000,0.00,0.39,41975,380.833,,31.33,27.69,24.1,,365
Andhra Pradesh,2016,31,1055.1,979.4,16740000,34726000,21.86,5.80,2361550,23591.740,7601.21,33.68,28.23,22.83,,82863
Arunachal Pradesh,2016,8.3,1699.1,1768,353000,1110000,0.04,0.00,5913,1421.324,,24.27,18.99,13.76,,2641.5547
Assam,2016,8.9,1249,1792.8,4911000,28382000,3.07,0.00,2960150,32344.594,,28.25,23.58,18.97,,24030
Bihar,2016,23.3,994.1,1027.6,13476000,101294000,5.09,0.00,1090651,111500.587,,31.74,25.81,19.92,,2280
Chandigarh,2016,16.3,338.3,466.30,1129000,12000,0.00,0.00,164250,1108.497,,30.98,24.83,18.69,,21516.75
Chhattisgarh,2016,19.6,1176,1153.3,6920000,20780000,3.77,0.00,2190000,26910.920,,32.48,26.46,20.48,,7300
Dadra and Nagar Haveli and Daman and Diu,2016,18.8,1111.5,1392.2,522000,234000,0.01,0.23,31631,734.464,624.265,,,,,2304.676
Delhi,2016,16.9,338.3,466.30,18553000,250000,0.01,0.00,3701229,142891.130,,32.71,26.45,20.25,,232732
Goa,2016,19,3549.8,2914.70,1037000,478000,0.04,1.14,82782,1471.843,624.265,31.64,27.25,22.9,,25594.9578
Gujarat,2016,21.1,1111.5,1392.2,29709000,35758000,1.17,6.99,3517424,7812.650,9480.35,34.15,27.61,21.13,,271092
Haryana,2016,17.7,338.3,466.30,10522000,17068000,1.44,0.00,1647610,177173.760,,32.63,26.17,19.76,,23369.09
Himachal Pradesh,2016,14.8,624.5,825.3,728000,6446000,0.13,0.00,124958,6969.637,,16.3,11.18,6.09,,255
Jammu and Kashmir,2016,9.2,481.8,534.6,3729000,9202000,0.20,0.00,695460,12562.639,,,,,,73096.5681
Jharkhand,2016,18.3,1096.9,1091.9,8999000,26979000,1.45,0.00,692894,34953.107,,31.24,25.31,19.44,,41483.6937
Karnataka,2016,25.4,3479,4249.8,26548000,37855000,1.59,3.99,4082890,51667.420,2183.87,31.94,26.51,21.12,,419600
Kerala,2016,27.2,1352.2,2039.6,20909000,13730000,1.61,4.31,1221126,33652.251,4448.15,31.15,27.06,23.03,,129357.2614
Lakshadweep,2016,34.1,745.5,998.5,60000,7000,0.00,0.30,12775,65.091,,31.47,28.41,25.42,,45.3235
Madhya Pradesh,2016,21.5,2289.4,1927.3,22372000,56815000,1.39,0.00,2472145,76931.227,,32.88,26.29,19.75,,50457.07
Maharashtra,2016,19.5,6238.7,5281.5,55630000,63477000,2.00,4.63,8559126,48120.050,5091.46,33.63,27.2,20.83,,21420.33
Manipur,2016,10.8,1244,1496.9,926000,2093000,0.32,0.00,40521,2932.999,,24.44,19.94,15.49,,8047.7553
Meghalaya,2016,8.8,1249,1792.8,639000,2498000,0.12,0.00,68255,3047.637,,26.25,22.05,17.9,,13.265
Mizoram,2016,9,1244,1496.9,620000,540000,0.08,0.00,58356,1126.955,,26.12,21.73,17.39,,7677.3556
Nagaland,2016,7.8,1244,1496.9,759000,1333000,0.09,0.00,123005,2032.406,,24.14,19.49,14.89,,548.4825
Odisha,2016,25.4,1030.8,1149.9,7772000,36309000,4.55,1.53,6771,42825.280,3720.19,31.71,26.35,21.04,,6890.805
Puducherry,2016,25.9,258.1,317.2,978000,435000,0.04,0.46,145453,1372.748,237.009,32.99,29,25.07,,9252.25
Punjab,2016,16.3,352,491.9,11517000,17703000,1.33,0.00,1658688,28387.620,,32.1,25.59,19.13,,163423.4
Rajasthan,2016,22.3,1128.5,879,19135000,55441000,0.50,0.00,2359614,72451.579,,33.87,26.8,19.77,,49940.2896
Sikkim,2016,16.9,1996.2,2006.2,229000,417000,0.00,0.00,27755,627.598,,11.08,5.08,-0.89,,102.7
Tamil Nadu,2016,25.6,258.1,317.2,37926000,36827000,1.97,4.72,5350353,18621.060,7076.41,32.69,28.15,23.66,,79114.792
Telangana,2016,27.5,899.8,755.2,15612000,20913000,1.99,0.00,2986716,36532.700,,,,,,228904.5644
Tripura,2016,23.5,1244,1496.9,1238000,2646000,0.72,0.00,156253,3773.358,,29.67,24.94,20.25,,30
Uttar Pradesh,2016,21.8,1430.4,1667,50063000,167012000,6.18,0.00,5657500,42794.040,,33.07,26.56,20.09,,152492.6445
Uttarakhand,2016,15.4,1104.2,1229.1,3537000,7261000,0.04,0.00,430700,10490.401,,20.51,15.26,10.05,,24333.1539
West Bengal,2016,23.5,3159.1,3174.1,32431000,62851000,15.25,1.77,5110000,92567.735,1227.37,31.24,26.07,20.95,,294587.3868
Andaman and Nicobar Islands,2015,33.1,1678.5,1682.5,156000,234000,0.00,0.37,34856,261.510,,31.3,27.65,24.04,,379.2211
Andhra Pradesh,2015,32.8,1000.3,979.4,16335000,34797000,18.32,5.20,2350600,34286.027,8696.41,33.5,28.05,22.65,,128480
Arunachal Pradesh,2015,6.9,1875,1768,346000,1102000,0.04,0.00,4745,970.941,,,,,,14.5
Assam,2015,7.9,1747.7,1792.8,4814000,28092000,2.94,0.00,2890800,22064.774,,,,,,24010
Bihar,2015,25.3,742.3,1027.6,13156000,99676000,5.07,0.00,1072234,75658.316,,31.26,25.3,19.39,,38857.2163
Chandigarh,2015,15.7,295.5,466.3,1110000,15000,0.00,0.00,135050,754.357,,29.64,23.78,17.95,,8383
Chhattisgarh,2015,21.8,1009.8,1147.3,6732000,20569000,3.42,0.00,819516,18306.400,,32.19,26.16,20.19,,31084.079
Dadra and Nagar Haveli and Daman and Diu,2015,20.2,1161.9,1403.5,570000,232000,0.00,0.23,33556,537.773,714.21,,,,,2444.9076
Delhi,2015,19.9,295.5,466.3,18145000,280000,0.01,0.00,3511300,125166.120,,31.62,25.51,19.46,,213010.1868
Goa,2015,18.3,2005,2914.3,1012000,493000,0.05,1.07,71770,1009.162,714.21,31.72,27.33,22.99,,106
Gujarat,2015,28.2,1161.9,1403.5,28952000,35577000,1.12,6.97,3467027,22114.250,10846.3,34.16,27.62,21.14,,269294.88
Haryana,2015,17.8,295.5,466.3,10200000,16975000,1.21,0.00,1765633,125166.120,,31.55,25.24,18.99,,139364.4409
Himachal Pradesh,2015,14.7,638.3,825.3,721000,6398000,0.12,0.00,126292,4773.571,,15.01,10.17,5.35,,13316.3741
Jammu and Kashmir,2015,9,614,534.6,3662000,9151000,0.20,0.00,1303050,8591.623,,,,,,6243.2
Jharkhand,2015,20.8,941.9,1091.9,8798000,26627000,1.16,0.00,596593,23753.863,,30.78,24.85,18.98,,35853.52
Karnataka,2015,24.6,3249.7,4249.8,26000000,37811000,1.69,4.12,3227330,11582.370,2498.52,31.89,26.46,21.07,,129600
Kerala,2015,24.1,1514.7,2039.6,19969000,14453000,2.11,5.17,1213476,23081.312,5089.05,30.82,26.74,22.71,,128546.8879
Lakshadweep,2015,29.8,860.9,998.5,59000,7000,0.00,0.16,12584,44.256,,31.03,27.98,24.98,,44.647
Madhya Pradesh,2015,26.4,1659.6,1927.3,21943000,56039000,1.15,0.00,2437470,52290.014,,32.56,25.96,19.42,,30884.47
Maharashtra,2015,22.6,3753.7,5281.1,54731000,63149000,1.46,4.34,7981554,18223.230,5825.05,33.64,27.21,20.84,,469098
Manipur,2015,8.1,1050.3,1496.9,909000,2079000,0.32,0.00,40105,2003.572,,24.15,19.53,14.96,,30
Meghalaya,2015,8.4,1747.7,1792.8,630000,2475000,0.11,0.00,68255,2082.025,,25.87,21.55,17.28,,13.94
Mizoram,2015,7,1050.3,1496.9,611000,537000,0.07,0.00,71819,769.779,,25.69,21.23,16.81,,6396
Nagaland,2015,6,1050.3,1496.9,722000,1348000,0.08,0.00,102017,1388.017,,23.93,19.16,14.44,,542.7146
Odisha,2015,26.2,1034.4,1149.9,7627000,36073000,3.77,1.45,939766,29302.578,4256.21,31.4,26.03,20.71,,27859.17
Puducherry,2015,28.2,285.8,317.2,954000,427000,0.07,0.47,147727,926.015,271.158,32.67,28.68,24.75,,10713.4607
Punjab,2015,15.7,336.3,491.9,11307000,17647000,1.20,0.00,1626513,19414.802,,30.94,24.62,18.34,,48073.22
Rajasthan,2015,25,940.6,879,18748000,54733000,0.42,0.00,2324968,49271.915,,33.27,26.21,19.19,,49207.0159
Sikkim,2015,14.7,1883,2006.2,214000,425000,0.00,0.00,26205,428.475,,10.66,4.58,-1.47,,66.3022
Tamil Nadu,2015,25.8,285.8,317.2,37372000,36931000,2.43,4.67,83950,17063.340,8095.99,32.34,27.8,23.31,,150323.47
Telangana,2015,30.5,600.8,755.2,15231000,21012000,2.37,0.00,2419220,26992.480,,,,,,120961
Tripura,2015,21.1,1050.3,1496.9,1184000,2660000,0.69,0.00,151110,2577.554,,29.23,24.44,19.69,,30.7366
Uttar Pradesh,2015,23.4,912,1667,49021000,164896000,5.05,0.00,5545080,28748.390,,32.29,25.85,19.45,,130777.39
Uttarakhand,2015,15.1,881.5,1229.1,3444000,7222000,0.04,0.00,334705,7151.975,,19.2,14.27,9.38,,3016.3
West Bengal,2015,26.7,3148.5,3174.1,31804000,62768000,14.93,1.78,4366282,63414.265,1404.21,30.81,25.61,20.46,,292392.2498
Andaman and Nicobar Islands,2014,36.9,1618.6,1682.5,153000,235000,0.00,0.38,34677,523.959,,31.1,27.44,23.84,,2737
Andhra Pradesh,2014,29.8,757.3,979.4,15928000,34845000,27.16,5.63,2338592,68564.326,19034.2,33.47,28.02,22.62,,128480
Arunachal Pradesh,2014,8.7,1747.6,1768,339000,1094000,0.04,0.00,49471,1935.136,,24.45,19.02,13.64,,37.7
Assam,2014,9.9,1635.1,1792.8,4716000,27798000,3.15,0.00,1640414,43907.205,,28.4,23.52,18.68,,30828.1486
Bihar,2014,20.5,849.3,1027.6,12829000,97988000,5.41,0.00,1053086,149648.296,,31.29,25.34,19.43,,64526.8868
Chandigarh,2014,15.6,203.2,466.3,1091000,18000,0.00,0.00,163113,1497.604,,29.52,23.56,17.67,,11104.597
Chhattisgarh,2014,17.6,1104.8,1147.3,6545000,20351000,4.27,0.00,952666,36320.606,,32.05,26.02,20.04,,5668.6806
Dadra and Nagar Haveli and Daman and Diu,2014,22.8,1231.7,1374.5,629000,232000,0.00,0.32,36025,1162.702,1563.22,,,,,2477.0601
Delhi,2014,17.3,203.2,466.3,17737000,310000,0.01,0.00,3552416,24370.835,,31.36,25.21,19.12,,207409.9519
Goa,2014,22,2752.8,2914.3,988000,506000,0.05,1.09,71246,2017.511,1563.22,31.61,27.22,22.88,,104
Gujarat,2014,23.2,1231.7,1374.5,28199000,35386000,1.27,6.70,3416308,85865.769,23739.7,33.81,27.28,20.79,,265568.2
Haryana,2014,14.5,203.2,466.3,9879000,16875000,1.57,0.00,1697998,36128.848,,31.35,25.01,18.71,,64749.2393
Himachal Pradesh,2014,15.5,521.8,825.3,714000,6347000,0.13,0.00,125263,9535.239,,14.84,9.91,5.01,,1004
Jammu and Kashmir,2014,11,633,534.6,3594000,9093000,0.20,0.00,682337,17132.641,,,,,,4164.45
Jharkhand,2014,15.9,930.1,1091.9,8595000,26268000,1.68,0.00,671420,47079.316,,30.85,24.87,18.94,,35262.36
Karnataka,2014,24.5,4401.2,4249.8,25442000,37742000,1.83,3.93,3391859,85324.255,5468.62,31.84,26.41,21.03,,263331.9905
Kerala,2014,20.5,2163,2039.6,19024000,15164000,1.88,4.94,1205227,46167.790,11138.6,30.86,26.77,22.75,,130211.9077
Lakshadweep,2014,35,955.3,998.5,57000,9000,0.00,0.21,12584,89.127,,31.08,28.02,25.03,,145.791
Madhya Pradesh,2014,20.3,1518.9,1927.3,21507000,55239000,1.47,0.00,2412598,103638.504,,32.32,25.73,19.18,,27763.6
Maharashtra,2014,19.3,4644.2,5281.1,53819000,62790000,1.35,4.43,8151388,157469.866,12749.5,33.42,27,20.62,,393493.2957
Manipur,2014,10.9,1118.8,1496.9,891000,2066000,0.31,0.00,39689,3993.160,,24.75,19.92,15.14,,25
Meghalaya,2014,9.3,1635.1,1792.8,622000,2450000,0.12,0.00,53762,4148.457,,26.18,21.77,17.41,,13.94
Mizoram,2014,9.4,1118.8,1496.9,602000,534000,0.07,0.00,71068,1534.065,,26.14,21.52,16.96,,45625
Nagaland,2014,7.7,1118.8,1496.9,686000,1363000,0.09,0.00,100982,2766.988,,24.44,19.5,14.59,,257.498
Odisha,2014,22.6,1256.9,1149.9,7481000,35821000,5.11,1.49,540396,58475.419,9315.73,31.32,25.91,20.56,,1871.13
Puducherry,2014,25.8,315.2,317.2,931000,420000,0.06,0.41,144518,1824.403,593.494,32.71,28.72,24.79,,16425
Punjab,2014,15.6,243.9,491.9,11095000,17579000,1.32,0.00,1572217,38721.633,,30.8,24.42,18.1,,43282.27
Rajasthan,2014,23.9,881.4,879,18351000,53992000,0.60,0.00,2288961,97692.652,,33.02,25.95,18.93,,98895.8269
Sikkim,2014,18.1,1864.5,2006.2,199000,433000,0.00,0.00,25918,853.459,,10.89,4.9,-1.07,,5.4281
Tamil Nadu,2014,24.9,315.2,317.2,36799000,37007000,1.91,4.99,4044864,99668.301,17720,32.39,27.85,23.36,,392299.5275
Telangana,2014,25.2,498.5,755.2,14849000,21102000,2.52,0.00,2939779,48548.561,,,,,,123005
Tripura,2014,14.4,1118.8,1496.9,1131000,2673000,0.71,0.00,145024,5136.957,,29.59,24.68,19.82,,33
Uttar Pradesh,2014,19,858.4,1667,47964000,162698000,5.95,0.00,5456465,284479.902,,32.11,25.65,19.23,,93597.97
Uttarakhand,2014,15,897.6,1229.1,3351000,7181000,0.04,0.00,440434,14222.510,,19.03,14.02,9.05,,29622.024
West Bengal,2014,23.8,2865.6,3174.1,31167000,62644000,15.29,1.70,4331148,126683.237,3073.45,31.01,25.73,20.5,,291869.9549
Andaman and Nicobar Islands,2013,37.1,2152.1,1682.5,150000,236000,0.00,0.38,34499,521.258,0,31.04,27.4,23.82,,8.6
Andhra Pradesh,2013,29.7,944.6,979.4,15526000,34888000,26.97,5.59,2322057,68079.529,4.507959682,33.23,27.78,22.38,,243820
Arunachal Pradesh,2013,7.4,1165.9,1768,333000,1085000,0.04,0.00,48953,1914.880,0,24.19,18.73,13.31,,37.3053
Assam,2013,8.6,1168.4,1792.8,4620000,27501000,3.11,0.00,1620586,43376.494,0,28.1,23.14,18.22,,240
Bihar,2013,18.3,722.2,1027.6,12505000,96297000,5.31,0.00,1033937,146927.221,0,31.21,25.3,19.44,,63353.5859
Chandigarh,2013,15.5,363.3,466.3,1072000,21000,0.00,0.00,160760,1475.997,0,29.91,23.83,17.8,,4818
Chhattisgarh,2013,15.9,1165.1,1147.3,6360000,20131000,4.21,0.00,938320,35773.690,0,31.86,25.83,19.86,,5583.3216
Dadra and Nagar Haveli and Daman and Diu,2013,21.9,1961.1,1374.5,688000,232000,0.00,0.34,38493,1242.376,4.507959682,,,,,2646.8005
Delhi,2013,15.9,363.3,466.3,17328000,342000,0.01,0.00,3478206,23861.730,0,31.51,25.31,19.14,,203077.179
Goa,2013,22.4,3498.4,2914.3,963000,520000,0.05,1.08,70721,2002.657,4.507959682,31.35,26.96,22.62,,117.73
Gujarat,2013,20.5,1961.1,1374.5,27454000,35188000,1.26,6.60,3365642,84592.333,4.507959682,33.54,27,20.52,,251796.65
Haryana,2013,15.2,363.3,466.3,9564000,16769000,1.55,0.00,1671278,35560.325,0,31.61,25.2,18.84,,50332.69
Himachal Pradesh,2013,17,774.2,825.3,706000,6296000,0.13,0.00,124216,9455.565,0,15.31,10.2,5.13,,2326.8
Jammu and Kashmir,2013,10.9,651.9,534.6,3526000,9035000,0.20,0.00,675560,16962.490,0,,,,,4123.091
Jharkhand,2013,16.1,844.5,1091.9,8395000,25905000,1.65,0.00,660578,46319.035,0,30.76,24.79,18.87,,75817.8
Karnataka,2013,25.1,4981.4,4249.8,24891000,37667000,1.82,3.89,3358254,84478.898,4.507959682,31.62,26.18,20.8,,77247
Kerala,2013,21.1,2561.2,2039.6,18086000,15867000,1.87,4.91,1196942,45850.443,4.507959682,30.72,26.64,22.61,,27.794
Lakshadweep,2013,36,1057,998.5,55000,10000,0.00,0.21,12394,87.777,0,30.94,27.88,24.89,,143.582
Madhya Pradesh,2013,19.7,2607.3,1927.3,21073000,54437000,1.44,0.00,2373743,101969.398,0,32.08,25.49,18.95,,22973.95
Maharashtra,2013,20.3,6485.2,5281.1,52912000,62427000,1.34,4.38,8062611,155754.846,4.507959682,33.1,26.68,20.3,,587285
Manipur,2013,9.5,995.2,1496.9,874000,2052000,0.31,0.00,39273,3951.297,0,24.3,19.53,14.82,,5475
Meghalaya,2013,8.1,1168.4,1792.8,614000,2426000,0.12,0.00,53202,4105.244,0,25.95,21.52,17.14,,4015
Mizoram,2013,10,995.2,1496.9,593000,531000,0.07,0.00,70318,1517.860,0,25.76,21.17,16.63,,45625
Nagaland,2013,7.3,995.2,1496.9,651000,1376000,0.08,0.00,99898,2737.279,0,24.09,19.15,14.26,,254.7332
Odisha,2013,24.2,1115.6,1149.9,7336000,35568000,5.06,1.48,535429,57937.956,4.507959682,31.14,25.74,20.38,,896.618
Puducherry,2013,25.7,321.5,317.2,907000,413000,0.06,0.40,141202,1782.540,4.507959682,32.56,28.57,24.64,,16048.1125
Punjab,2013,15.5,479.7,491.9,10884000,17511000,1.30,0.00,1556920,38344.869,0,31.23,24.78,18.38,,377.765
Rajasthan,2013,23.3,1114,879,17957000,53247000,0.59,0.00,2252923,96154.536,0,33.06,25.99,18.97,,97338.7675
Sikkim,2013,18.3,1717.6,2006.2,185000,441000,0.00,0.00,25672,845.356,0,10.72,4.77,-1.17,,5.3765
Tamil Nadu,2013,25.6,321.5,317.2,36229000,37079000,1.89,4.96,4017572,98995.797,4.507959682,32.24,27.7,23.21,,250820.5763
Telangana,2013,25.9,949.2,755.2,14472000,21188000,2.50,0.00,2915984,48155.592,0,,,,,243820
Tripura,2013,17.5,995.2,1496.9,1078000,2686000,0.70,0.00,143499,5082.940,0,29.22,24.3,19.43,,11680
Uttar Pradesh,2013,18.3,1623.2,1667,46914000,160493000,5.86,0.00,5372155,280084.320,0,32.09,25.62,19.19,,92151.7604
Uttarakhand,2013,16,1373,1229.1,3259000,7139000,0.04,0.00,434830,14041.555,0,19.29,14.13,9.01,,29245.1391
West Bengal,2013,23.9,2885.3,3174.1,30537000,62514000,15.16,1.68,4296060,125656.926,4.507959682,30.74,25.47,20.24,,289505.401
Andaman and Nicobar Islands,2012,40.2,2054.7,1682.5,147000,237000,0.00,0.38,34320,518.557,0,31.12,27.47,23.88,,2555
Andhra Pradesh,2012,26.6,1012.5,979.4,15130000,34926000,26.78,5.55,2305567,67596.083,4.507959682,33.51,28.06,22.66,,243820
Arunachal Pradesh,2012,7.7,1846.1,1768,326000,1077000,0.04,0.00,48435,1894.624,0,23.93,18.6,13.32,,3559.0623
Assam,2012,9,1738.4,1792.8,4525000,27204000,3.07,0.00,1600809,42847.133,0,28.06,23.05,18.09,,1116
Bihar,2012,19.8,813,1027.6,12183000,94604000,5.21,0.00,1014789,144206.147,0,31.54,25.48,19.47,,62180.2851
Chandigarh,2012,16.4,282.9,466.3,1053000,24000,0.00,0.00,158407,1454.391,0,29.51,23.7,17.97,,4964
Chhattisgarh,2012,18.8,1227.5,1147.3,6178000,19908000,4.14,0.00,923975,35226.774,0,32.23,26.21,20.23,,5840
Dadra and Nagar Haveli and Daman and Diu,2012,22.6,958.7,1374.5,748000,231000,0.00,0.36,40962,1322.051,4.507959682,,,,,2816.541
Delhi,2012,19.4,282.9,466.3,16918000,374000,0.01,0.00,3403800,23351.276,0,31.38,25.32,19.32,,251850
Goa,2012,22,2817.6,2914.3,939000,534000,0.05,1.07,70244,1989.153,4.507959682,31.53,27.14,22.8,,1642.5
Gujarat,2012,20.8,958.7,1374.5,26717000,34981000,1.24,6.50,3314923,83317.547,4.507959682,33.54,27,20.52,,251796.65
Haryana,2012,16,282.9,466.3,9252000,16660000,1.53,0.00,1644559,34991.803,0,31.36,25.09,18.88,,55480
Himachal Pradesh,2012,17.4,696.3,825.3,699000,6244000,0.12,0.00,123170,9375.891,0,14.81,10.03,5.28,,106.72
Jammu and Kashmir,2012,11,558.8,534.6,3459000,8976000,0.20,0.00,668784,16792.338,0,,,,,11748
Jharkhand,2012,14.8,938.5,1091.9,8196000,25542000,1.62,0.00,649754,45560.105,0,31.12,25.06,19.05,,81030
Karnataka,2012,22.4,3922.4,4249.8,24345000,37586000,1.80,3.85,3324595,83632.192,4.507959682,31.82,26.39,21.01,,77247
Kerala,2012,21.1,1547.7,2039.6,17157000,16562000,1.86,4.87,1188693,45534.448,4.507959682,30.9,26.82,22.79,,50370
Lakshadweep,2012,31.8,1147.1,998.5,53000,12000,0.00,0.21,12394,87.777,0,31.07,28.01,25.02,,143.582
Madhya Pradesh,2012,19.8,2018.3,1927.3,20642000,53633000,1.42,0.00,2334919,100301.643,0,32.37,25.78,19.24,,23400
Maharashtra,2012,20.3,4853.3,5281.1,52011000,62057000,1.32,4.33,7973763,154038.476,4.507959682,33.36,26.94,20.56,,10950
Manipur,2012,9.3,1122.6,1496.9,857000,2038000,0.31,0.00,38857,3909.435,0,24.29,19.48,14.71,,4380
Meghalaya,2012,8.1,1738.4,1792.8,606000,2401000,0.12,0.00,52624,4060.680,0,26.06,21.47,16.94,,4599
Mizoram,2012,10.6,1122.6,1496.9,584000,528000,0.07,0.00,69567,1501.655,0,25.84,21.21,16.64,,1682.5
Nagaland,2012,7.6,1122.6,1496.9,616000,1389000,0.08,0.00,98814,2707.570,0,23.99,19.05,14.15,,251.9685
Odisha,2012,24.9,1144,1149.9,7193000,35312000,5.02,1.47,530450,57399.143,4.507959682,31.55,26.12,20.74,,85571.031
Puducherry,2012,27.4,243.5,317.2,884000,405000,0.06,0.39,137886,1740.677,4.507959682,32.79,28.79,24.86,,4927.5
Punjab,2012,16.4,265.9,491.9,10675000,17441000,1.29,0.00,1541622,37968.105,0,30.81,24.53,18.31,,113049.6655
Rajasthan,2012,23.4,971.7,879,17566000,52500000,0.58,0.00,2216916,94617.771,0,32.93,25.87,18.85,,95783.0752
Sikkim,2012,18.5,2091.3,2006.2,171000,448000,0.00,0.00,25385,835.903,0,10.87,4.69,-1.45,,1668.05
Tamil Nadu,2012,26.1,243.5,317.2,35664000,37147000,1.88,4.92,3990334,98324.644,4.507959682,32.47,27.93,23.44,,205724.95
Telangana,2012,23.9,787.2,755.2,14099000,21269000,2.48,0.00,2892106,47761.272,0,,,,,174800.4899
Tripura,2012,17.1,1122.6,1496.9,1028000,2696000,0.69,0.00,141974,5028.924,0,29.39,24.4,19.45,,10950
Uttar Pradesh,2012,20.4,1346.6,1667,45872000,158280000,5.77,0.00,5287846,275688.738,0,32.29,25.85,19.46,,232896.581
Uttarakhand,2012,15.9,1122.2,1229.1,3168000,7097000,0.04,0.00,429268,13861.950,0,19.04,14.2,9.39,,28871.0669
West Bengal,2012,22.1,3048,3174.1,29914000,62376000,15.04,1.67,4260925,124629.265,4.507959682,31.01,25.62,20.28,,200750
Andaman and Nicobar Islands,2011,37.3,2278.2,1682.5,144000,237000,0.00,0.38,34052,514.506,,30.79,27.15,23.57,,2535.039
Andhra Pradesh,2011,28.7,915,979.4,14740000,34957000,26.58,5.51,2289032,67111.286,6588.63,33.26,27.81,22.41,,28888
Arunachal Pradesh,2011,7.3,1378,1768,319000,1069000,0.04,0.00,47917,1874.368,,24.3,18.84,13.43,,3521.011
Assam,2011,8.1,1256.7,1792.8,4430000,26906000,3.04,0.00,1580981,42316.423,,28.49,23.53,18.62,,1102.177
Bihar,2011,18.9,1058.5,1027.6,11864000,92907000,5.11,0.00,995631,141483.722,,31.52,25.63,19.79,,61006.4019
Chandigarh,2011,15.4,379.2,466.3,1033000,28000,0.00,0.00,156053,1432.784,,29.88,23.88,17.93,,5548
Chhattisgarh,2011,18.2,1220.4,1147.3,5997000,19683000,4.08,0.00,909595,34678.508,,32.09,26.06,20.09,,5749.1068
Dadra and Nagar Haveli and Daman and Diu,2011,23.4,1621,1374.5,808000,230000,0.00,0.38,43431,1401.725,541.105,,,,,2986.2814
Delhi,2011,16.8,379.2,466.3,16506000,408000,0.01,0.00,3329393,22840.821,,31.66,25.49,19.37,,246344.6044
Goa,2011,20.2,3716.3,2914.3,915000,547000,0.05,1.06,69720,1974.298,541.105,31.33,26.94,22.6,,415
Gujarat,2011,22,1621,1374.5,25987000,34767000,1.22,6.40,3264203,82042.760,8217.44,33.76,27.23,20.74,,247944.0771
Haryana,2011,15.6,379.2,466.3,8944000,16548000,1.50,0.00,1617903,34424.631,,31.64,25.27,18.95,,54580.7409
Himachal Pradesh,2011,14.6,732.8,825.3,691000,6193000,0.12,0.00,122123,9296.217,,15.22,10.23,5.27,,202.67
Jammu and Kashmir,2011,12.5,520.6,534.6,3393000,8916000,0.19,0.00,662007,16622.187,,,,,,11628.9611
Jharkhand,2011,13.6,1160.6,1091.9,7999000,25177000,1.60,0.00,638931,44801.175,,31.2,25.23,19.31,,16691.05
Karnataka,2011,23.5,4856.5,4249.8,23805000,37499000,1.78,3.81,3290936,82785.485,1892.95,31.59,26.16,20.78,,76464.9382
Kerala,2011,19.2,2216,2039.6,16240000,17244000,1.84,4.84,1180409,45217.102,3855.59,30.66,26.57,22.55,,109500
Lakshadweep,2011,36.9,1014,998.5,51000,14000,0.00,0.21,12394,87.777,,30.86,27.8,24.81,,143.582
Madhya Pradesh,2011,20.1,2256.8,1927.3,20212000,52827000,1.40,0.00,2296064,98632.537,,32.33,25.73,19.19,,16887
Maharashtra,2011,19,6008,5281.1,51116000,61682000,1.31,4.28,7884986,152323.457,4413.21,33.28,26.86,20.48,,1045.24
Manipur,2011,8.9,1094.6,1496.9,840000,2024000,0.30,0.00,38441,3867.572,,24.56,19.91,15.31,,4333.0984
Meghalaya,2011,7.9,1256.7,1792.8,598000,2377000,0.12,0.00,52064,4017.467,,26.53,22.04,17.61,,4550.0581
Mizoram,2011,8.9,1094.6,1496.9,575000,525000,0.07,0.00,68816,1485.450,,26.26,21.76,17.33,,1664.3435
Nagaland,2011,8,1094.6,1496.9,582000,1402000,0.08,0.00,97779,2679.212,,24.31,19.48,14.71,,249.3294
Odisha,2011,20.9,1107.6,1149.9,7051000,35056000,4.97,1.45,525483,56861.680,3224.61,31.55,26.14,20.78,,84769.7777
Puducherry,2011,27.2,298.9,317.2,861000,397000,0.06,0.38,134570,1698.815,205.436,32.55,28.56,24.63,,4808.9953
Punjab,2011,15.4,459.4,491.9,10468000,17368000,1.28,0.00,1526269,37589.990,,31.16,24.76,18.41,,31000
Rajasthan,2011,20.3,1230.6,879,17177000,51751000,0.57,0.00,2180909,93081.005,,33.2,26.13,19.1,,94227.3828
Sikkim,2011,18.2,1871.4,2006.2,158000,454000,0.00,0.00,25098,826.450,,10.85,4.88,-1.09,,1649.1867
Tamil Nadu,2011,25.4,298.9,317.2,35103000,37210000,1.87,4.89,3963042,97652.140,6133.73,32.23,27.69,23.2,,204317.8683
Telangana,2011,26.3,656.8,755.2,13731000,21346000,2.46,0.00,2868311,47368.303,,,,,,173362.2705
Tripura,2011,14.4,1094.6,1496.9,978000,2706000,0.69,0.00,140449,4974.907,,29.88,24.98,20.14,,182.5
Uttar Pradesh,2011,16.8,1545.3,1667,44839000,156058000,5.68,0.00,5203536,271293.156,,32.3,25.85,19.46,,229183.2773
Uttarakhand,2011,15,1454.3,1229.1,3079000,7052000,0.04,0.00,423665,13680.996,,19.36,14.29,9.27,,28494.182
West Bengal,2011,18.6,3263,3174.1,29298000,62232000,14.92,1.65,4225837,123602.954,1063.87,31.3,26.02,20.8,,199096.8414