States,Year,Natural_Calamities,Wind_speed,Rainfall_Actual,Rainfall_Normal,Population_Urban,Population_Rural,Fishing_Inland,Fishing_Marine,Harbour_Plastic,MSW,Beach_plastics,Climate_change,Plastic_entering_sea
,,Number,kmph,mm,mm,Persons,Persons,Lakh Tonnes,Lakh Tonnes,TPA,TPA,Kg,,TPA
Andaman and Nicobar Islands,2020,0,26.5,1712.4,1653.8,170000,229000,0.00,0.39,0.00,35661,0,0,372.30
Andhra Pradesh,2020,1,27.1,1481.3,998.5,18343000,34256000,28.14,5.83,20.88,2422697,5353.52,0,25292.96
Arunachal Pradesh,2020,1,12.15,1943.7,1726.6,381000,1141000,0.05,0.00,0.00,52543,0,0,548.55
Assam,2020,1,13.05,2147.50,1773.70,5301000,29492000,3.37,0.00,0.00,1755396,0,0,18326.33
Bihar,2020,1,23.95,1272.5,1017.2,14708000,107187000,5.95,0.00,0.00,1158359,0,0,12093.27
Chandigarh,2020,0,21.5,379.8,444,1194000,4000,0.00,0.00,0.00,176204,0,0,1839.57
Chhattisgarh,2020,0,21.05,1234.3,1142.1,7680000,21557000,4.64,0.00,0.00,1035585,0,0,10811.50
Dadra and Nagar Haveli and Daman and Diu,2020,0,25.2,2181.2,1430.10,357000,243000,0.00,0.22,0.00,25104,439.668,0,262.09
Delhi,2020,0,19.2,379.8,444,20171000,148000,0.01,0.00,0.00,3999642,0,0,41756.26
Goa,2020,0,24.1,3662.7,2875.3,1132000,421000,0.05,1.13,230.37,74060,439.668,0,773.18
Gujarat,2020,1,24.7,2181.2,1430.10,32791000,36380000,1.39,7.29,286.46,3716433,6676.99,0,38799.56
Haryana,2020,0,21.4,379.8,444,11839000,17374000,1.72,0.00,0.00,1854064,0,0,19356.42
Himachal Pradesh,2020,0,12.6,565.5,763.5,754000,6608000,0.13,0.00,0.00,130603,0,1,1363.49
Jammu and Kashmir,2020,1,13.75,376.2,566,3983000,9357000,0.21,0.00,0.00,717457,0,0,7490.25
Jharkhand,2020,0,21.1,899.2,1054.7,9802000,28313000,1.83,0.00,0.00,734050,0,0,7663.48
Karnataka,2020,1,25.25,5242,4274.00,28681000,37815000,1.93,4.14,47.82,3569655,1538.09,0,37267.19
Kerala,2020,1,17.45,2228.2,2049.3,24591000,10777000,1.95,5.11,47.61,1246825,3132.82,0,13016.86
Lakshadweep,2020,0,30.3,1345.4,1013.1,65000,3000,0.00,0.22,0.00,12966,0,0,135.36
Madhya Pradesh,2020,1,21.95,2002.5,1906.10,24037000,59718000,1.60,0.00,0.00,2632934,0,0,27487.83
Maharashtra,2020,1,22.8,6347.3,5238.4,59121000,64555000,1.43,4.70,541.94,8645397,3585.9,0,90257.94
Manipur,2020,0,16,965.4,1426.70,997000,2145000,0.33,0.00,0.00,42172,0,0,440.28
Meghalaya,2020,1,17.8,2147.50,1773.70,671000,2593000,0.13,0.00,0.00,57122,0,0,596.35
Mizoram,2020,0,9,965.4,1426.70,657000,550000,0.08,0.00,0.00,75510,0,0,788.32
Nagaland,2020,0,8.5,965.4,1426.70,914000,1263000,0.09,0.00,0.00,107291,0,0,1120.12
Odisha,2020,1,25.1,1140.9,1155.3,8342000,37123000,5.36,1.57,24.75,567390,2620.12,0,5923.55
Puducherry,2020,0,28.2,437,342,1081000,468000,0.07,0.47,0.00,165698,166.925,0,1729.89
Punjab,2020,0,20.4,391.7,467.3,12331000,17848000,1.38,0.00,0.00,1654738,0,0,17275.46
Rajasthan,2020,0,25.05,922.7,868.20,20623000,57986000,0.66,0.00,0.00,2487220,0,0,25966.58
Sikkim,2020,0,9.3,2628.8,1970.8,293000,379000,0.00,0.00,0.00,27558,0,1,287.71
Tamil Nadu,2020,0,26.7,437,342,39985000,36182000,1.97,5.15,442.36,4174256,4983.9,0,43579.23
Telangana,2020,1,25.45,1095.4,751.9,17135000,20401000,2.63,0.00,0.00,3069388,0,0,32044.41
Tripura,2020,0,13.65,965.4,1426.70,146600,3895400,0.75,0.00,0.00,154097,0,0,1608.77
Uttar Pradesh,2020,1,20.95,1240.1,1560.70,54127000,174804000,6.47,0.00,0.00,5929660,0,0,61905.65
Uttarakhand,2020,0,18.8,943.2,1176.9,3920000,7393000,0.05,0.00,0.00,473094,0,1,4939.11
West Bengal,2020,0,31,3689.8,3152.30,34865000,62854000,15.92,1.77,297.68,4511576,864.432,0,47100.85
Andaman and Nicobar Islands,2019,0,34,2331.3,1653.8,168000,230000,0.00,0.40,0.00,20075,0,0,209.58
Andhra Pradesh,2019,1,30.35,1100.5,998.5,17935000,34380000,36.10,5.64,20.77,2469590,3636.9,0,25782.52
Arunachal Pradesh,2019,0,11.05,1538.2,1726.6,374000,1133000,0.05,0.00,0.00,73365,0,0,765.93
Assam,2019,1,11.15,1567.9,1773.70,5202000,29216000,3.73,0.00,0.00,384710,0,0,4016.37
Bihar,2019,1,23.85,1050.4,1017.2,14397000,105717000,6.41,0.00,0.00,1727910,0,0,18039.38
Chandigarh,2019,0,19,258.6,444,1178000,6000,0.01,0.00,0.00,197465,0,0,2061.53
Chhattisgarh,2019,0,21.05,1255.6,1142.1,7486000,21366000,5.72,0.00,0.00,602250,0,0,6287.49
Dadra and Nagar Haveli and Daman and Diu,2019,0,25,2033.1,1430.10,397000,242000,0.00,0.32,0.00,19710,298.6875,0,205.77
Delhi,2019,0,20.3,258.6,444,19768000,172000,0.01,0.00,0.00,3950395,0,0,41242.12
Goa,2019,0,24.5,4385.8,2875.3,1108000,435000,0.04,1.01,228.89,49640,298.6875,0,518.24
Gujarat,2019,1,24.25,2033.1,1430.10,32010000,36235000,1.58,7.01,282.63,3368220,4536,0,35164.22
Haryana,2019,0,20.3,258.6,444,11503000,17304000,1.91,0.00,0.00,1940340,0,0,20257.15
Himachal Pradesh,2019,0,16.5,684.2,763.5,748000,6567000,0.14,0.00,0.00,118990,0,1,1242.26
Jammu and Kashmir,2019,0,13.5,445.8,567.5,3918000,9319000,0.21,0.00,0.00,346385,0,0,3616.26
Jharkhand,2019,0,21.15,865.6,1054.7,9599000,27982000,2.23,0.00,0.00,721970,0,0,7537.37
Karnataka,2019,1,29.25,5248,4274.00,28140000,37833000,2.29,4.03,47.44,2247670,1044.9,0,23465.67
Kerala,2019,1,16.25,2310.2,2049.3,23675000,11511000,2.05,4.75,47.36,876000,2128.28,0,9145.44
Lakshadweep,2019,0,32.6,1231.7,1013.1,64000,4000,0.00,0.20,0.00,12966,0,0,135.36
Madhya Pradesh,2019,1,22.75,2692.7,1906.10,23618000,58995000,2.00,0.00,0.00,2155690,0,0,22505.40
Maharashtra,2019,1,25.15,7198,5238.4,58240000,64293000,1.18,4.43,536.93,8374925,2436.07,0,87434.22
Manipur,2019,1,14.2,1114.8,1426.7,979000,2132000,0.32,0.00,0.00,2920,0,0,30.48
Meghalaya,2019,0,17.65,1567.9,1773.70,663000,2569000,0.14,0.00,0.00,365,0,0,3.81
Mizoram,2019,1,7.7,1114.8,1426.7,648000,547000,0.07,0.00,0.00,71540,0,0,746.88
Nagaland,2019,1,8.3,1114.8,1426.7,874000,1281000,0.09,0.00,0.00,43435,0,0,453.46
Odisha,2019,1,23.7,1232.5,1155.3,8197000,36922000,6.60,1.58,24.56,694960,1779.97,0,7255.38
Puducherry,2019,0,30.6,401.9,342.00,1056000,459000,0.07,0.44,0.00,100375,113.4,0,1047.92
Punjab,2019,0,17.75,444.3,467.3,12125000,17814000,1.51,0.00,0.00,1479710,0,0,15448.17
Rajasthan,2019,1,23.35,1234.5,868.20,20248000,57353000,1.16,0.00,0.00,2460465,0,0,25687.25
Sikkim,2019,0,13.8,1884.1,1970.8,276000,389000,0.00,0.00,0.00,25550,0,1,266.74
Tamil Nadu,2019,1,26.1,401.9,342.00,39465000,36348000,1.74,5.83,440.31,4549360,3385.8,0,47495.32
Telangana,2019,0,25.6,805,759.6,16748000,20535000,3.00,0.00,0.00,3695990,0,0,38586.14
Tripura,2019,1,13.3,1114.8,1426.7,1407000,2595000,0.78,0.00,0.00,118990,0,0,1242.26
Uttar Pradesh,2019,1,22.8,1374.1,1560.70,53100000,172867000,6.99,0.00,0.00,5280820,0,0,55131.76
Uttarakhand,2019,1,19.8,960.4,1176.9,3822000,7362000,0.05,0.00,0.00,566845,0,1,5917.86
West Bengal,2019,1,30,2825,3152.3,34247000,62862000,16.19,1.63,295.82,2874740,587.25,0,30012.29
Andaman and Nicobar Islands,2018,0,34.4,1569.2,1682.5,165000,231000,0.00,0.40,0.00,43800,0,0,457.27
Andhra Pradesh,2018,1,33.45,833.7,979.4,17531000,34501000,33.91,6.00,29.80,2350600,12127.8,0,24540.26
Arunachal Pradesh,2018,0,9.9,1198.4,1768,367000,1126000,0.05,0.00,0.00,98900,0,0,1032.52
Assam,2018,1,10.15,1322.9,1792.8,5104000,28939000,3.31,0.00,0.00,472187,0,0,4929.63
Bihar,2018,0,22.6,770.8,1027.6,14088000,104245000,6.02,0.00,0.00,829280,0,0,8657.68
Chandigarh,2018,0,18,423.1,466.3,1162000,8000,0.01,0.00,0.00,171550,0,0,1790.98
Chhattisgarh,2018,0,20.85,1101.5,1153.3,7295000,21173000,4.89,0.00,0.00,602250,0,0,6287.49
Dadra and Nagar Haveli and Daman and Diu,2018,0,23.2,1012.1,1392.2,438000,239000,0.00,0.28,0.00,35770,996.025,0,373.44
Delhi,2018,1,18,423.1,466.3,19364000,197000,0.01,0.00,0.00,3948205,0,0,41219.26
Goa,2018,0,23.5,2883.4,2914.7,1084000,450000,0.05,1.15,286.07,86290,996.025,0,900.86
Gujarat,2018,1,25.1,1012.1,1392.2,31235000,36084000,1.42,6.99,247.09,3911340,15126,0,40834.39
Haryana,2018,0,19.8,423.1,466.3,11173000,17228000,1.80,0.00,0.00,1692063,0,0,17665.14
Himachal Pradesh,2018,1,16.6,917.3,825.3,741000,6527000,0.13,0.00,0.00,141985,0,1,1482.32
Jammu and Kashmir,2018,1,13,597.3,534.6,3854000,9281000,0.21,0.00,0.00,558643,0,0,5832.24
Jharkhand,2018,0,17.95,784.3,1091.9,9397000,27650000,2.08,0.00,0.00,804825,0,0,8402.37
Karnataka,2018,1,29.65,4104.9,4249.8,27604000,37846000,1.98,3.90,43.66,4364670,3484.39,0,45567.15
Kerala,2018,1,20.1,2517.3,2039.6,22754000,12249000,1.92,6.09,48.05,1424603,7097.09,0,14872.86
Lakshadweep,2018,0,37.1,553.2,998.5,63000,4000,0.00,0.22,0.00,12775,0,0,133.37
Madhya Pradesh,2018,0,22.25,1756.9,1927.3,23200000,58271000,1.73,0.00,0.00,2920000,0,0,30484.80
Maharashtra,2018,1,26.7,4958.8,5281.5,57364000,64027000,1.00,4.68,495.68,8703261,8123.5,0,90862.05
Manipur,2018,1,12.3,1258.4,1496.9,961000,2119000,0.32,0.00,0.00,79789,0,0,833.00
Meghalaya,2018,0,14.6,1322.9,1792.8,655000,2545000,0.13,0.00,0.00,62280,0,0,650.20
Mizoram,2018,1,7.8,1258.4,1496.9,638000,546000,0.07,0.00,0.00,91768,0,0,958.06
Nagaland,2018,1,7.4,1258.4,1496.9,836000,1298000,0.09,0.00,0.00,123918,0,0,1293.70
Odisha,2018,1,21.2,1290.2,1149.9,8054000,36720000,6.00,1.59,48.83,936017,5935.62,0,9772.02
Puducherry,2018,0,28.1,290.7,317.2,1030000,451000,0.07,0.40,0.00,218726,378.151,0,2283.50
Punjab,2018,0,17.65,527.4,491.9,11920000,17779000,1.35,0.00,0.00,1691585,0,0,17660.15
Rajasthan,2018,0,22.7,837,879,19874000,56718000,0.55,0.00,0.00,2418329,0,0,25247.36
Sikkim,2018,0,13.4,1740.6,2006.2,260000,399000,0.00,0.00,0.00,27412,0,1,286.18
Tamil Nadu,2018,0,24.35,290.7,317.2,38948000,36512000,1.70,5.20,409.30,5098320,11290.5,0,53226.46
Telangana,2018,0,27.65,741.1,759.2,16365000,20665000,2.84,0.00,0.00,3101405,0,0,32378.67
Tripura,2018,1,11.65,1258.4,1496.9,1350000,2613000,0.70,0.00,0.00,162688,0,0,1698.46
Uttar Pradesh,2018,1,20.5,1532.7,1667,52081000,170922000,6.62,0.00,0.00,6342715,0,0,66217.94
Uttarakhand,2018,0,17.15,1194.3,1229.1,3726000,7329000,0.05,0.00,0.00,557522,0,1,5820.53
West Bengal,2018,0,23.65,2677.4,3174.1,33635000,62865000,16.19,1.63,295.82,5333855,1958.28,0,55685.44
Andaman and Nicobar Islands,2017,0,29.95,1526,1682.5,162000,232000,0.00,0.39,0.00,35214,0,0,367.63
Andhra Pradesh,2017,0,29.95,1168.9,979.4,17133000,34616000,28.45,6.05,29.64,2383547,8222.99,0,24884.23
Arunachal Pradesh,2017,1,7.35,1572.3,1768,360000,1118000,0.04,0.00,0.00,74445,0,0,777.21
Assam,2017,1,8.1,1614.5,1792.8,5007000,28661000,3.27,0.00,0.00,1698637,0,0,17733.77
Bihar,2017,1,23.15,936.8,1027.6,13780000,102771000,5.88,0.00,0.00,829280,0,0,8657.68
Chandigarh,2017,0,17.2,345.8,466.3,1145000,10000,0.00,0.00,0.00,182500,0,0,1905.30
Chhattisgarh,2017,0,19.35,1039.4,1153.3,7107000,20977000,4.57,0.00,0.00,730000,0,0,7621.20
Dadra and Nagar Haveli and Daman and Diu,2017,0,21.3,1641.6,1392.2,480000,237000,0.00,0.24,0.00,30000,675.33,0,313.20
Delhi,2017,0,18.1,345.8,466.3,18959000,223000,0.01,0.00,0.00,3775832,,0,39419.68
Goa,2017,0,19.1,3206,2914.7,1060000,464000,0.06,1.18,284.21,72677,675.33,0,758.74
Gujarat,2017,1,24.45,1641.6,1392.2,30469000,35924000,1.38,7.01,186.81,3567176,10255.8,0,37241.32
Haryana,2017,0,19.3,345.8,466.3,10846000,17150000,1.90,0.00,0.00,1776824,0,0,18550.04
Himachal Pradesh,2017,1,16.5,720.7,825.3,735000,6486000,0.13,0.00,0.00,128101,0,1,1337.38
Jammu and Kashmir,2017,1,12.95,545.4,534.6,3791000,9242000,0.21,0.00,0.00,583007,0,0,6086.60
Jharkhand,2017,0,18.05,978.8,1091.9,9197000,27315000,1.90,0.00,0.00,703178,0,0,7341.18
Karnataka,2017,0,26.9,3789.5,4249.8,27073000,37853000,1.88,4.14,43.31,3485373,2362.51,0,36387.30
Kerala,2017,0,19.65,1857.4,2039.6,21832000,12989000,1.89,4.84,47.80,1398517,4812,0,14600.52
Lakshadweep,2017,0,31.4,1108.3,998.5,62000,5000,0.00,0.21,0.00,12775,0,0,133.37
Madhya Pradesh,2017,0,21.65,1533.8,1927.3,22785000,57544000,1.43,0.00,0.00,2632380,0,0,27482.05
Maharashtra,2017,1,24.35,5432.4,5281.5,56494000,63755000,1.31,4.75,491.01,8405837,5507.94,0,87756.94
Manipur,2017,0,8.5,1870.7,1496.9,944000,2106000,0.33,0.00,0.00,40937,0,0,427.39
Meghalaya,2017,1,12.05,1614.5,1792.8,647000,2522000,0.12,0.00,0.00,76650,0,0,800.23
Mizoram,2017,0,7.7,1870.7,1496.9,629000,543000,0.08,0.00,0.00,73320,0,0,765.46
Nagaland,2017,0,6.5,1870.7,1496.9,797000,1316000,0.09,0.00,0.00,127020,0,0,1326.09
Odisha,2017,1,20.35,1051.7,1149.9,7912000,36516000,5.34,1.51,6.55,196896,4024.5,0,2055.59
Puducherry,2017,0,27.45,414.1,317.2,1004000,443000,0.07,0.42,0.00,154787,256.396,0,1615.98
Punjab,2017,0,16.9,384.9,491.9,11717000,17743000,1.37,0.00,0.00,1615314,0,0,16863.88
Rajasthan,2017,0,21.45,931.7,879,19503000,56081000,0.54,0.00,0.00,2391508,0,0,24967.34
Sikkim,2017,0,17.2,2039.8,2006.2,244000,408000,0.00,0.00,0.00,26769,0,1,279.47
Tamil Nadu,2017,1,23.75,414.1,317.2,38435000,36671000,1.85,4.97,407.38,5538733,7655.25,0,57824.38
Telangana,2017,0,26.9,657.4,755.2,15987000,20791000,2.70,0.00,0.00,2848460,0,0,29737.92
Tripura,2017,0,12.9,1870.7,1496.9,1294000,2630000,0.77,0.00,0.00,158118,0,0,1650.75
Uttar Pradesh,2017,1,20.65,1179.5,1667,51068000,168971000,6.29,0.00,0.00,5657500,0,0,59064.30
Uttarakhand,2017,0,16.05,1199,1229.1,3631000,7296000,0.05,0.00,0.00,401135,0,1,4187.85
West Bengal,2017,1,22.6,3172.8,3174.1,33030000,62861000,15.57,1.85,293.95,4427179,1327.77,0,46219.75
Andaman and Nicobar Islands,2016,0,31.35,1562.6,1682.5,159000,233000,0.00,0.39,0.00,41975,0,0,438.22
Andhra Pradesh,2016,1,28.55,1055.1,979.4,16740000,34726000,21.86,5.80,37.23,2361550,7601.21,0,24654.58
Arunachal Pradesh,2016,1,7.75,1699.1,1768,353000,1110000,0.04,0.00,0.00,5913,0,0,61.73
Assam,2016,1,8.55,1249,1792.8,4911000,28382000,3.07,0.00,0.00,2960150,0,0,30903.97
Bihar,2016,1,24.6,994.1,1027.6,13476000,101294000,5.09,0.00,0.00,1090651,0,0,11386.39
Chandigarh,2016,0,16.3,338.3,466.30,1129000,12000,0.00,0.00,0.00,164250,0,0,1714.77
Chhattisgarh,2016,0,17.45,1176,1153.3,6920000,20780000,3.77,0.00,0.00,2190000,0,0,22863.60
Dadra and Nagar Haveli and Daman and Diu,2016,0,18.8,1111.5,1392.2,522000,234000,0.01,0.23,0.00,31631,624.265,0,330.23
Delhi,2016,0,16.9,338.3,466.30,18553000,250000,0.01,0.00,0.00,3701229,0,0,38640.83
Goa,2016,0,19,3549.8,2914.70,1037000,478000,0.04,1.14,224.74,82782,624.265,0,864.24
Gujarat,2016,1,22.55,1111.5,1392.2,29709000,35758000,1.17,6.99,187.70,3517424,9480.35,0,36721.91
Haryana,2016,0,17.7,338.3,466.30,10522000,17068000,1.44,0.00,0.00,1647610,0,0,17201.05
Himachal Pradesh,2016,0,14.8,624.5,825.3,728000,6446000,0.13,0.00,0.00,124958,0,1,1304.56
Jammu and Kashmir,2016,0,11.55,481.8,534.6,3729000,9202000,0.20,0.00,0.00,695460,0,0,7260.60
Jharkhand,2016,0,19.6,1096.9,1091.9,8999000,26979000,1.45,0.00,0.00,692894,0,0,7233.81
Karnataka,2016,0,27,3479,4249.8,26548000,37855000,1.59,3.99,67.16,4082890,2183.87,0,42625.37
Kerala,2016,0,24.8,1352.2,2039.6,20909000,13730000,1.61,4.31,46.63,1221126,4448.15,0,12748.55
Lakshadweep,2016,0,34.1,745.5,998.5,60000,7000,0.00,0.30,0.00,12775,0,0,133.37
Madhya Pradesh,2016,1,21.65,2289.4,1927.3,22372000,56815000,1.39,0.00,0.00,2472145,0,0,25809.19
Maharashtra,2016,1,20.5,6238.7,5281.5,55630000,63477000,2.00,4.63,25.92,8559126,5091.46,0,89357.27
Manipur,2016,0,10.8,1244,1496.9,926000,2093000,0.32,0.00,0.00,40521,0,0,423.04
Meghalaya,2016,0,11.4,1249,1792.8,639000,2498000,0.12,0.00,0.00,68255,0,0,712.58
Mizoram,2016,0,9,1244,1496.9,620000,540000,0.08,0.00,0.00,58356,0,0,609.24
Nagaland,2016,0,7.8,1244,1496.9,759000,1333000,0.09,0.00,0.00,123005,0,0,1284.17
Odisha,2016,1,19.95,1030.8,1149.9,7772000,36309000,4.55,1.53,3.73,6771,3720.19,0,70.69
Puducherry,2016,0,26.95,258.1,317.2,978000,435000,0.04,0.46,0.00,145453,237.009,0,1518.52
Punjab,2016,0,16.6,352,491.9,11517000,17703000,1.33,0.00,0.00,1658688,0,0,17316.70
Rajasthan,2016,1,23.3,1128.5,879,19135000,55441000,0.50,0.00,0.00,2359614,0,0,24634.37
Sikkim,2016,0,16.9,1996.2,2006.2,229000,417000,0.00,0.00,0.00,27755,0,1,289.76
Tamil Nadu,2016,0,23.85,258.1,317.2,37926000,36827000,1.97,4.72,80.73,5350353,7076.41,0,55857.68
Telangana,2016,1,26.25,899.8,755.2,15612000,20913000,1.99,0.00,0.00,2986716,0,0,31181.32
Tripura,2016,0,16.25,1244,1496.9,1238000,2646000,0.72,0.00,0.00,156253,0,0,1631.28
Uttar Pradesh,2016,1,21.65,1430.4,1667,50063000,167012000,6.18,0.00,0.00,5657500,0,0,59064.30
Uttarakhand,2016,1,17.3,1104.2,1229.1,3537000,7261000,0.04,0.00,0.00,430700,0,1,4496.51
West Bengal,2016,1,22.55,3159.1,3174.1,32431000,62851000,15.25,1.77,290.26,5110000,1227.37,0,53348.40
Andaman and Nicobar Islands,2015,0,33.4,1678.5,1682.5,156000,234000,0.00,0.37,0.00,34856,0,0,363.90
Andhra Pradesh,2015,0,31.35,1000.3,979.4,16335000,34797000,18.32,5.20,57.73,2350600,8696.41,0,24540.26
Arunachal Pradesh,2015,0,7,1875,1768,346000,1102000,0.04,0.00,0.00,4745,0,0,49.54
Assam,2015,1,7.8,1747.7,1792.8,4814000,28092000,2.94,0.00,0.00,2890800,0,0,30179.95
Bihar,2015,0,24.3,742.3,1027.6,13156000,99676000,5.07,0.00,0.00,1072234,0,0,11194.12
Chandigarh,2015,0,15.7,295.5,466.3,1110000,15000,0.00,0.00,0.00,135050,0,0,1409.92
Chhattisgarh,2015,0,17.9,1009.8,1147.3,6732000,20569000,3.42,0.00,0.00,819516,0,0,8555.75
Dadra and Nagar Haveli and Daman and Diu,2015,0,20.2,1161.9,1403.5,570000,232000,0.00,0.23,0.00,33556,714.21,0,350.33
Delhi,2015,0,19.9,295.5,466.3,18145000,280000,0.01,0.00,0.00,3511300,0,0,36657.97
Goa,2015,0,18.3,2005,2914.3,1012000,493000,0.05,1.07,0.93,71770,714.21,0,749.28
Gujarat,2015,1,29.3,1161.9,1403.5,28952000,35577000,1.12,6.97,186.45,3467027,10846.3,0,36195.76
Haryana,2015,0,17.8,295.5,466.3,10200000,16975000,1.21,0.00,0.00,1765633,0,0,18433.21
Himachal Pradesh,2015,0,14.7,638.3,825.3,721000,6398000,0.12,0.00,0.00,126292,0,1,1318.49
Jammu and Kashmir,2015,1,11.55,614,534.6,3662000,9151000,0.20,0.00,0.00,1303050,0,0,13603.84
Jharkhand,2015,0,21.7,941.9,1091.9,8798000,26627000,1.16,0.00,0.00,596593,0,0,6228.43
Karnataka,2015,0,28.35,3249.7,4249.8,26000000,37811000,1.69,4.12,20.74,3227330,2498.52,0,33693.33
Kerala,2015,0,22.55,1514.7,2039.6,19969000,14453000,2.11,5.17,46.33,1213476,5089.05,0,12668.69
Lakshadweep,2015,0,29.8,860.9,998.5,59000,7000,0.00,0.16,0.00,12584,0,0,131.38
Madhya Pradesh,2015,1,26.35,1659.6,1927.3,21943000,56039000,1.15,0.00,0.00,2437470,0,0,25447.19
Maharashtra,2015,1,23.35,3753.7,5281.1,54731000,63149000,1.46,4.34,567.64,7981554,5825.05,0,83327.42
Manipur,2015,1,8.1,1050.3,1496.9,909000,2079000,0.32,0.00,0.00,40105,0,0,418.70
Meghalaya,2015,0,11,1747.7,1792.8,630000,2475000,0.11,0.00,0.00,68255,0,0,712.58
Mizoram,2015,0,7,1050.3,1496.9,611000,537000,0.07,0.00,0.00,71819,0,0,749.79
Nagaland,2015,0,6,1050.3,1496.9,722000,1348000,0.08,0.00,0.00,102017,0,0,1065.06
Odisha,2015,1,21.15,1034.4,1149.9,7627000,36073000,3.77,1.45,15.09,939766,4256.21,0,9811.15
Puducherry,2015,0,29.8,285.8,317.2,954000,427000,0.07,0.47,0.00,147727,271.158,0,1542.27
Punjab,2015,0,16.5,336.3,491.9,11307000,17647000,1.20,0.00,0.00,1626513,0,0,16980.80
Rajasthan,2015,1,26.6,940.6,879,18748000,54733000,0.42,0.00,0.00,2324968,0,0,24272.67
Sikkim,2015,0,14.7,1883,2006.2,214000,425000,0.00,0.00,0.00,26205,0,1,273.58
Tamil Nadu,2015,1,24.85,285.8,317.2,37372000,36931000,2.43,4.67,153.40,83950,8095.99,0,876.44
Telangana,2015,0,28.6,600.8,755.2,15231000,21012000,2.37,0.00,0.00,2419220,0,0,25256.66
Tripura,2015,0,14.05,1050.3,1496.9,1184000,2660000,0.69,0.00,0.00,151110,0,0,1577.59
Uttar Pradesh,2015,0,22.45,912,1667,49021000,164896000,5.05,0.00,0.00,5545080,0,0,57890.64
Uttarakhand,2015,0,15.95,881.5,1229.1,3444000,7222000,0.04,0.00,0.00,334705,0,1,3494.32
West Bengal,2015,1,24.95,3148.5,3174.1,31804000,62768000,14.93,1.78,288.09,4366282,1404.21,0,45583.99
Andaman and Nicobar Islands,2014,0,36.6,1618.6,1682.5,153000,235000,0.00,0.38,0.00,34677,0,0,362.03
Andhra Pradesh,2014,1,27.5,757.3,979.4,15928000,34845000,27.16,5.63,57.73,2338592,19034.2,0,24414.90
Arunachal Pradesh,2014,1,7.95,1747.6,1768,339000,1094000,0.04,0.00,0.00,49471,0,0,516.48
Assam,2014,1,10.35,1635.1,1792.8,4716000,27798000,3.15,0.00,0.00,1640414,0,0,17125.93
Bihar,2014,1,20.75,849.3,1027.6,12829000,97988000,5.41,0.00,0.00,1053086,0,0,10994.21
Chandigarh,2014,0,15.6,203.2,466.3,1091000,18000,0.00,0.00,0.00,163113,0,0,1702.90
Chhattisgarh,2014,1,15.7,1104.8,1147.3,6545000,20351000,4.27,0.00,0.00,952666,0,0,9945.83
Dadra and Nagar Haveli and Daman and Diu,2014,0,22.8,1231.7,1374.5,629000,232000,0.00,0.32,0.00,36025,1563.22,0,376.10
Delhi,2014,0,17.3,203.2,466.3,17737000,310000,0.01,0.00,0.00,3552416,0,0,37087.22
Goa,2014,0,22,2752.8,2914.3,988000,506000,0.05,1.09,0.91,71246,1563.22,0,743.81
Gujarat,2014,1,24.95,1231.7,1374.5,28199000,35386000,1.27,6.70,183.87,3416308,23739.7,0,35666.25
Haryana,2014,0,14.5,203.2,466.3,9879000,16875000,1.57,0.00,0.00,1697998,0,0,17727.10
Himachal Pradesh,2014,1,15.5,521.8,825.3,714000,6347000,0.13,0.00,0.00,125263,0,1,1307.75
Jammu and Kashmir,2014,1,13.1,633,534.6,3594000,9093000,0.20,0.00,0.00,682337,0,0,7123.60
Jharkhand,2014,0,16.55,930.1,1091.9,8595000,26268000,1.68,0.00,0.00,671420,0,0,7009.63
Karnataka,2014,1,25.2,4401.2,4249.8,25442000,37742000,1.83,3.93,42.15,3391859,5468.62,0,35411.01
Kerala,2014,0,18.8,2163,2039.6,19024000,15164000,1.88,4.94,46.93,1205227,11138.6,0,12582.57
Lakshadweep,2014,0,35,955.3,998.5,57000,9000,0.00,0.21,0.00,12584,0,0,131.38
Madhya Pradesh,2014,1,21.4,1518.9,1927.3,21507000,55239000,1.47,0.00,0.00,2412598,0,0,25187.52
Maharashtra,2014,1,20.35,4644.2,5281.1,53819000,62790000,1.35,4.43,476.15,8151388,12749.5,0,85100.49
Manipur,2014,0,10.9,1118.8,1496.9,891000,2066000,0.31,0.00,0.00,39689,0,0,414.35
Meghalaya,2014,1,11.6,1635.1,1792.8,622000,2450000,0.12,0.00,0.00,53762,0,0,561.27
Mizoram,2014,0,9.4,1118.8,1496.9,602000,534000,0.07,0.00,0.00,71068,0,0,741.95
Nagaland,2014,0,7.7,1118.8,1496.9,686000,1363000,0.09,0.00,0.00,100982,0,0,1054.26
Odisha,2014,1,18.5,1256.9,1149.9,7481000,35821000,5.11,1.49,1.01,540396,9315.73,0,5641.73
Puducherry,2014,0,25.85,315.2,317.2,931000,420000,0.06,0.41,0.00,144518,593.494,0,1508.77
Punjab,2014,0,14.45,243.9,491.9,11095000,17579000,1.32,0.00,0.00,1572217,0,0,16413.95
Rajasthan,2014,0,23.9,881.4,879,18351000,53992000,0.60,0.00,0.00,2288961,0,0,23896.75
Sikkim,2014,0,18.1,1864.5,2006.2,199000,433000,0.00,0.00,0.00,25918,0,1,270.58
Tamil Nadu,2014,1,23.95,315.2,317.2,36799000,37007000,1.91,4.99,400.33,4044864,17720,0,42228.38
Telangana,2014,0,23.05,498.5,755.2,14849000,21102000,2.52,0.00,0.00,2939779,0,0,30691.29
Tripura,2014,0,11.9,1118.8,1496.9,1131000,2673000,0.71,0.00,0.00,145024,0,0,1514.05
Uttar Pradesh,2014,1,18.15,858.4,1667,47964000,162698000,5.95,0.00,0.00,5456465,0,0,56965.49
Uttarakhand,2014,1,15.6,897.6,1229.1,3351000,7181000,0.04,0.00,0.00,440434,0,1,4598.13
West Bengal,2014,0,25.1,2865.6,3174.1,31167000,62644000,15.29,1.70,287.58,4331148,3073.45,0,45217.18
Andaman and Nicobar Islands,2013,0,36.85,2152.1,1682.5,150000,236000,0.00,0.38,0.00,34499,0,0,360.17
Andhra Pradesh,2013,1,27.2,944.6,979.4,15526000,34888000,26.97,5.59,109.56,2322057,8750.104355,0,24242.27
Arunachal Pradesh,2013,1,7.2,1165.9,1768,333000,1085000,0.04,0.00,0.00,48953,0,0,511.07
Assam,2013,1,9.45,1168.4,1792.8,4620000,27501000,3.11,0.00,0.00,1620586,0,0,16918.92
Bihar,2013,1,18.7,722.2,1027.6,12505000,96297000,5.31,0.00,0.00,1033937,0,0,10794.30
Chandigarh,2013,0,15.5,363.3,466.3,1072000,21000,0.00,0.00,0.00,160760,0,0,1678.34
Chhattisgarh,2013,1,15.25,1165.1,1147.3,6360000,20131000,4.21,0.00,0.00,938320,0,0,9796.06
Dadra and Nagar Haveli and Daman and Diu,2013,0,21.9,1961.1,1374.5,688000,232000,0.00,0.34,0.00,38493,1435.608097,0,401.87
Delhi,2013,1,15.9,363.3,466.3,17328000,342000,0.01,0.00,0.00,3478206,0,0,36312.47
Goa,2013,0,22.4,3498.4,2914.3,963000,520000,0.05,1.08,1.03,70721,1435.608097,0,738.33
Gujarat,2013,1,21.9,1961.1,1374.5,27454000,35188000,1.26,6.60,174.34,3365642,10677.83217,0,35137.30
Haryana,2013,0,15.2,363.3,466.3,9564000,16769000,1.55,0.00,0.00,1671278,0,0,17448.15
Himachal Pradesh,2013,1,17,774.2,825.3,706000,6296000,0.13,0.00,0.00,124216,0,1,1296.82
Jammu and Kashmir,2013,1,14.25,651.9,534.6,3526000,9035000,0.20,0.00,0.00,675560,0,0,7052.85
Jharkhand,2013,0,17.05,844.5,1091.9,8395000,25905000,1.65,0.00,0.00,660578,0,0,6896.43
Karnataka,2013,1,25.5,4981.4,4249.8,24891000,37667000,1.82,3.89,12.36,3358254,2495.182683,0,35060.17
Kerala,2013,1,19.55,2561.2,2039.6,18086000,15867000,1.87,4.91,0.01,1196942,5123.603286,0,12496.08
Lakshadweep,2013,0,36,1057,998.5,55000,10000,0.00,0.21,0.00,12394,0,0,129.39
Madhya Pradesh,2013,1,20.6,2607.3,1927.3,21073000,54437000,1.44,0.00,0.00,2373743,0,0,24781.88
Maharashtra,2013,1,20.95,6485.2,5281.1,52912000,62427000,1.34,4.38,710.65,8062611,5798.988341,0,84173.65
Manipur,2013,0,9.5,995.2,1496.9,874000,2052000,0.31,0.00,0.00,39273,0,0,410.01
Meghalaya,2013,0,11.25,1168.4,1792.8,614000,2426000,0.12,0.00,0.00,53202,0,0,555.43
Mizoram,2013,0,10,995.2,1496.9,593000,531000,0.07,0.00,0.00,70318,0,0,734.11
Nagaland,2013,0,7.3,995.2,1496.9,651000,1376000,0.08,0.00,0.00,99898,0,0,1042.94
Odisha,2013,1,19.65,1115.6,1149.9,7336000,35568000,5.06,1.48,0.49,535429,4256.822054,0,5589.88
Puducherry,2013,0,27,321.5,317.2,907000,413000,0.06,0.40,0.00,141202,261.0016137,0,1474.15
Punjab,2013,0,14.95,479.7,491.9,10884000,17511000,1.30,0.00,0.00,1556920,0,0,16254.24
Rajasthan,2013,0,22.3,1114,879,17957000,53247000,0.59,0.00,0.00,2252923,0,0,23520.51
Sikkim,2013,0,18.3,1717.6,2006.2,185000,441000,0.00,0.00,0.00,25672,0,1,268.01
Tamil Nadu,2013,0,23.6,321.5,317.2,36229000,37079000,1.89,4.96,255.96,4017572,8157.126432,0,41943.45
Telangana,2013,0,23.1,949.2,755.2,14472000,21188000,2.50,0.00,0.00,2915984,0,0,30442.87
Tripura,2013,0,13.75,995.2,1496.9,1078000,2686000,0.70,0.00,0.00,143499,0,0,1498.13
Uttar Pradesh,2013,1,17.95,1623.2,1667,46914000,160493000,5.86,0.00,0.00,5372155,0,0,56085.30
Uttarakhand,2013,1,16.05,1373,1229.1,3259000,7139000,0.04,0.00,0.00,434830,0,1,4539.63
West Bengal,2013,1,25.9,2885.3,3174.1,30537000,62514000,15.16,1.68,285.25,4296060,1409.11754,0,44850.86
Andaman and Nicobar Islands,2012,0,39.9,2054.7,1682.5,147000,237000,0.00,0.38,0.00,34320,0,0,358.30
Andhra Pradesh,2012,0,24.9,1012.5,979.4,15130000,34926000,26.78,5.55,109.56,2305567,8687.968096,0,24070.12
Arunachal Pradesh,2012,0,7.8,1846.1,1768,326000,1077000,0.04,0.00,0.00,48435,0,0,505.66
Assam,2012,1,9.8,1738.4,1792.8,4525000,27204000,3.07,0.00,0.00,1600809,0,0,16712.45
Bihar,2012,0,20.3,813,1027.6,12183000,94604000,5.21,0.00,0.00,1014789,0,0,10594.39
Chandigarh,2012,0,16.4,282.9,466.3,1053000,24000,0.00,0.00,0.00,158407,0,0,1653.77
Chhattisgarh,2012,0,16.1,1227.5,1147.3,6178000,19908000,4.14,0.00,0.00,923975,0,0,9646.30
Dadra and Nagar Haveli and Daman and Diu,2012,0,22.6,958.7,1374.5,748000,231000,0.00,0.36,0.00,40962,1425.927665,0,427.64
Delhi,2012,0,19.4,282.9,466.3,16918000,374000,0.01,0.00,0.00,3403800,,0,35535.67
Goa,2012,0,22,2817.6,2914.3,939000,534000,0.05,1.07,14.42,70244,1425.927665,0,733.35
Gujarat,2012,0,23.05,958.7,1374.5,26717000,34981000,1.24,6.50,174.34,3314923,10516.91978,0,34607.79
Haryana,2012,0,16,282.9,466.3,9252000,16660000,1.53,0.00,0.00,1644559,0,0,17169.19
Himachal Pradesh,2012,1,17.4,696.3,825.3,699000,6244000,0.12,0.00,0.00,123170,0,1,1285.89
Jammu and Kashmir,2012,1,13.55,558.8,534.6,3459000,8976000,0.20,0.00,0.00,668784,0,0,6982.10
Jharkhand,2012,0,16.1,938.5,1091.9,8196000,25542000,1.62,0.00,0.00,649754,0,0,6783.43
Karnataka,2012,0,24.4,3922.4,4249.8,24345000,37586000,1.80,3.85,12.36,3324595,2470.174219,0,34708.77
Kerala,2012,0,19.3,1547.7,2039.6,17157000,16562000,1.86,4.87,18.16,1188693,5088.292027,0,12409.96
Lakshadweep,2012,0,31.8,1147.1,998.5,53000,12000,0.00,0.21,0.00,12394,0,0,129.39
Madhya Pradesh,2012,0,22.5,2018.3,1927.3,20642000,53633000,1.42,0.00,0.00,2334919,0,0,24376.56
Maharashtra,2012,0,20.3,4853.3,5281.1,52011000,62057000,1.32,4.33,13.25,7973763,5735.085288,0,83246.09
Manipur,2012,0,9.3,1122.6,1496.9,857000,2038000,0.31,0.00,0.00,38857,0,0,405.67
Meghalaya,2012,0,11.45,1738.4,1792.8,606000,2401000,0.12,0.00,0.00,52624,0,0,549.40
Mizoram,2012,0,10.6,1122.6,1496.9,584000,528000,0.07,0.00,0.00,69567,0,0,726.28
Nagaland,2012,0,7.6,1122.6,1496.9,616000,1389000,0.08,0.00,0.00,98814,0,0,1031.62
Odisha,2012,0,19.2,1144,1149.9,7193000,35312000,5.02,1.47,46.36,530450,4217.234324,0,5537.90
Puducherry,2012,0,28.75,243.5,317.2,884000,405000,0.06,0.39,0.00,137886,254.8720303,0,1439.53
Punjab,2012,0,15.6,265.9,491.9,10675000,17441000,1.29,0.00,0.00,1541622,0,0,16094.53
Rajasthan,2012,0,24.05,971.7,879,17566000,52500000,0.58,0.00,0.00,2216916,0,0,23144.60
Sikkim,2012,0,18.5,2091.3,2006.2,171000,448000,0.00,0.00,0.00,25385,0,1,265.02
Tamil Nadu,2012,0,23.35,243.5,317.2,35664000,37147000,1.88,4.92,209.94,3990334,8101.824258,0,41659.09
Telangana,2012,0,22.2,787.2,755.2,14099000,21269000,2.48,0.00,0.00,2892106,0,0,30193.59
Tripura,2012,0,13.85,1122.6,1496.9,1028000,2696000,0.69,0.00,0.00,141974,0,0,1482.21
Uttar Pradesh,2012,1,19.45,1346.6,1667,45872000,158280000,5.77,0.00,0.00,5287846,0,0,55205.11
Uttarakhand,2012,1,16.05,1122.2,1229.1,3168000,7097000,0.04,0.00,0.00,429268,0,1,4481.56
West Bengal,2012,0,23.95,3048,3174.1,29914000,62376000,15.04,1.67,197.80,4260925,1397.593338,0,44484.06
Andaman and Nicobar Islands,2011,0,37,2278.2,1682.5,144000,237000,0.00,0.38,0.00,34052,0,0,355.50
Andhra Pradesh,2011,0,27.05,915,979.4,14740000,34957000,26.58,5.51,12.98,2289032,6588.63,0,23897.49
Arunachal Pradesh,2011,0,7.4,1378,1768,319000,1069000,0.04,0.00,0.00,47917,0,0,500.26
Assam,2011,0,8.2,1256.7,1792.8,4430000,26906000,3.04,0.00,0.00,1580981,0,0,16505.44
Bihar,2011,1,19.8,1058.5,1027.6,11864000,92907000,5.11,0.00,0.00,995631,0,0,10394.39
Chandigarh,2011,0,15.4,379.2,466.3,1033000,28000,0.00,0.00,0.00,156053,0,0,1629.20
Chhattisgarh,2011,0,16,1220.4,1147.3,5997000,19683000,4.08,0.00,0.00,909595,0,0,9496.17
Dadra and Nagar Haveli and Daman and Diu,2011,0,23.4,1621,1374.5,808000,230000,0.00,0.38,0.00,43431,541.105,0,453.41
Delhi,2011,0,16.8,379.2,466.3,16506000,408000,0.01,0.00,0.00,3329393,,0,34758.86
Goa,2011,0,20.2,3716.3,2914.3,915000,547000,0.05,1.06,3.64,69720,541.105,0,727.88
Gujarat,2011,0,23.45,1621,1374.5,25987000,34767000,1.22,6.40,171.67,3264203,8217.44,0,34078.28
Haryana,2011,0,15.6,379.2,466.3,8944000,16548000,1.50,0.00,0.00,1617903,0,0,16890.90
Himachal Pradesh,2011,0,14.6,732.8,825.3,691000,6193000,0.12,0.00,0.00,122123,0,1,1274.96
Jammu and Kashmir,2011,0,13.7,520.6,534.6,3393000,8916000,0.19,0.00,0.00,662007,0,0,6911.36
Jharkhand,2011,0,14.85,1160.6,1091.9,7999000,25177000,1.60,0.00,0.00,638931,0,0,6670.44
Karnataka,2011,0,25.3,4856.5,4249.8,23805000,37499000,1.78,3.81,12.24,3290936,1892.95,0,34357.38
Kerala,2011,1,17.9,2216,2039.6,16240000,17244000,1.84,4.84,39.47,1180409,3855.59,0,12323.47
Lakshadweep,2011,0,36.9,1014,998.5,51000,14000,0.00,0.21,0.00,12394,0,0,129.39
Madhya Pradesh,2011,0,19.1,2256.8,1927.3,20212000,52827000,1.40,0.00,0.00,2296064,0,0,23970.91
Maharashtra,2011,0,20.15,6008,5281.1,51116000,61682000,1.31,4.28,1.26,7884986,4413.21,0,82319.25
Manipur,2011,0,8.9,1094.6,1496.9,840000,2024000,0.30,0.00,0.00,38441,0,0,401.32
Meghalaya,2011,0,10.95,1256.7,1792.8,598000,2377000,0.12,0.00,0.00,52064,0,0,543.55
Mizoram,2011,0,8.9,1094.6,1496.9,575000,525000,0.07,0.00,0.00,68816,0,0,718.44
Nagaland,2011,0,8,1094.6,1496.9,582000,1402000,0.08,0.00,0.00,97779,0,0,1020.81
Odisha,2011,1,16.45,1107.6,1149.9,7051000,35056000,4.97,1.45,45.92,525483,3224.61,0,5486.04
Puducherry,2011,0,26.75,298.9,317.2,861000,397000,0.06,0.38,0.00,134570,205.436,0,1404.91
Punjab,2011,0,14.6,459.4,491.9,10468000,17368000,1.28,0.00,0.00,1526269,0,0,15934.25
Rajasthan,2011,0,20.75,1230.6,879,17177000,51751000,0.57,0.00,0.00,2180909,0,0,22768.69
Sikkim,2011,0,18.2,1871.4,2006.2,158000,454000,0.00,0.00,0.00,25098,0,1,262.02
Tamil Nadu,2011,0,22.6,298.9,317.2,35103000,37210000,1.87,4.89,208.50,3963042,6133.73,0,41374.15
Telangana,2011,0,23.65,656.8,755.2,13731000,21346000,2.46,0.00,0.00,2868311,0,0,29945.16
Tripura,2011,0,11.65,1094.6,1496.9,978000,2706000,0.69,0.00,0.00,140449,0,0,1466.28
Uttar Pradesh,2011,1,16,1545.3,1667,44839000,156058000,5.68,0.00,0.00,5203536,0,0,54324.92
Uttarakhand,2011,1,14.95,1454.3,1229.1,3079000,7052000,0.04,0.00,0.00,423665,0,1,4423.06
West Bengal,2011,1,20.35,3263,3174.1,29298000,62232000,14.92,1.65,196.17,4225837,1063.87,0,44117.73
,,,,,,,,,,,,,,
,,,,,,,,,,,,,,
,,,,,,,,,,,,,,
,,,,,,,,,,,,,,
,,,,,,,,,,,,,,
,,,,,,,,,,,,,,
,,,,,,,,,,,,,,
,,,,,,,,,,,,,,
,,,,,,,,,,,,,,
,,,,,,,,,,,,,,
,,,,,,,,,,,,,,
,,,,,,,,,,,,,,
,,,,,,,,,,,,,,
,,,,,,,,,,,,,,
,,,,,,,,,,,,,,
,,,,,,,,,,,,,,
,,,,,,,,,,,,,,
,,,,,,,,,,,,,,
,,,,,,,,,,,,,,
,,,,,,,,,,,,,,
,,,,,,,,,,,,,,
,,,,,,,,,,,,,,
,,,,,,,,,,,,,,
,,,,,,,,,,,,,,
,,,,,,,,,,,,,,
,,,,,,,,,,,,,,
,,,,,,,,,,,,,,
,,,,,,,,,,,,,,
,,,,,,,,,,,,,,
,,,,,,,,,,,,,,
,,,,,,,,,,,,,,
,,,,,,,,,,,,,,
,,,,,,,,,,,,,,
,,,,,,,,,,,,,,
,,,,,,,,,,,,,,
,,,,,,,,,,,,,,
,,,,,,,,,,,,,,
,,,,,,,,,,,,,,
,,,,,,,,,,,,,,
,,,,,,,,,,,,,,
,,,,,,,,,,,,,,
,,,,,,,,,,,,,,
,,,,,,,,,,,,,,
,,,,,,,,,,,,,,
,,,,,,,,,,,,,,
,,,,,,,,,,,,,,
,,,,,,,,,,,,,,
,,,,,,,,,,,,,,
,,,,,,,,,,,,,,
,,,,,,,,,,,,,,
,,,,,,,,,,,,,,
,,,,,,,,,,,,,,
,,,,,,,,,,,,,,
,,,,,,,,,,,,,,
,,,,,,,,,,,,,,
,,,,,,,,,,,,,,
,,,,,,,,,,,,,,
,,,,,,,,,,,,,,
,,,,,,,,,,,,,,
,,,,,,,,,,,,,,
,,,,,,,,,,,,,,
,,,,,,,,,,,,,,
,,,,,,,,,,,,,,
,,,,,,,,,,,,,,
,,,,,,,,,,,,,,
,,,,,,,,,,,,,,
,,,,,,,,,,,,,,
,,,,,,,,,,,,,,
,,,,,,,,,,,,,,
,,,,,,,,,,,,,,
,,,,,,,,,,,,,,
,,,,,,,,,,,,,,
,,,,,,,,,,,,,,
,,,,,,,,,,,,,,
,,,,,,,,,,,,,,
,,,,,,,,,,,,,,
,,,,,,,,,,,,,,
,,,,,,,,,,,,,,
,,,,,,,,,,,,,,
,,,,,,,,,,,,,,
,,,,,,,,,,,,,,
,,,,,,,,,,,,,,
,,,,,,,,,,,,,,
,,,,,,,,,,,,,,
,,,,,,,,,,,,,,
,,,,,,,,,,,,,,
,,,,,,,,,,,,,,
,,,,,,,,,,,,,,
,,,,,,,,,,,,,,
,,,,,,,,,,,,,,
,,,,,,,,,,,,,,
,,,,,,,,,,,,,,
,,,,,,,,,,,,,,
,,,,,,,,,,,,,,
,,,,,,,,,,,,,,
,,,,,,,,,,,,,,
,,,,,,,,,,,,,,
,,,,,,,,,,,,,,
,,,,,,,,,,,,,,
,,,,,,,,,,,,,,
,,,,,,,,,,,,,,
,,,,,,,,,,,,,,
,,,,,,,,,,,,,,
,,,,,,,,,,,,,,
,,,,,,,,,,,,,,
,,,,,,,,,,,,,,
,,,,,,,,,,,,,,
,,,,,,,,,,,,,,
,,,,,,,,,,,,,,
,,,,,,,,,,,,,,
,,,,,,,,,,,,,,
,,,,,,,,,,,,,,
,,,,,,,,,,,,,,
,,,,,,,,,,,,,,
,,,,,,,,,,,,,,
,,,,,,,,,,,,,,
,,,,,,,,,,,,,,
,,,,,,,,,,,,,,
,,,,,,,,,,,,,,
,,,,,,,,,,,,,,
,,,,,,,,,,,,,,
,,,,,,,,,,,,,,
,,,,,,,,,,,,,,
,,,,,,,,,,,,,,
,,,,,,,,,,,,,,
,,,,,,,,,,,,,,
,,,,,,,,,,,,,,
,,,,,,,,,,,,,,
,,,,,,,,,,,,,,
,,,,,,,,,,,,,,
,,,,,,,,,,,,,,
,,,,,,,,,,,,,,
,,,,,,,,,,,,,,
,,,,,,,,,,,,,,
,,,,,,,,,,,,,,
,,,,,,,,,,,,,,
,,,,,,,,,,,,,,
,,,,,,,,,,,,,,
,,,,,,,,,,,,,,
,,,,,,,,,,,,,,
,,,,,,,,,,,,,,
,,,,,,,,,,,,,,
,,,,,,,,,,,,,,
,,,,,,,,,,,,,,
,,,,,,,,,,,,,,
,,,,,,,,,,,,,,
,,,,,,,,,,,,,,
,,,,,,,,,,,,,,
,,,,,,,,,,,,,,
,,,,,,,,,,,,,,
,,,,,,,,,,,,,,
,,,,,,,,,,,,,,
,,,,,,,,,,,,,,
,,,,,,,,,,,,,,
,,,,,,,,,,,,,,
,,,,,,,,,,,,,,
,,,,,,,,,,,,,,
,,,,,,,,,,,,,,
,,,,,,,,,,,,,,
,,,,,,,,,,,,,,
,,,,,,,,,,,,,,
,,,,,,,,,,,,,,
,,,,,,,,,,,,,,
,,,,,,,,,,,,,,
,,,,,,,,,,,,,,
,,,,,,,,,,,,,,
,,,,,,,,,,,,,,
,,,,,,,,,,,,,,
,,,,,,,,,,,,,,
,,,,,,,,,,,,,,
,,,,,,,,,,,,,,
,,,,,,,,,,,,,,
,,,,,,,,,,,,,,
,,,,,,,,,,,,,,
,,,,,,,,,,,,,,
,,,,,,,,,,,,,,
,,,,,,,,,,,,,,
,,,,,,,,,,,,,,
,,,,,,,,,,,,,,
,,,,,,,,,,,,,,
,,,,,,,,,,,,,,
,,,,,,,,,,,,,,
,,,,,,,,,,,,,,
,,,,,,,,,,,,,,
,,,,,,,,,,,,,,
,,,,,,,,,,,,,,
,,,,,,,,,,,,,,
,,,,,,,,,,,,,,
,,,,,,,,,,,,,,
,,,,,,,,,,,,,,
,,,,,,,,,,,,,,
,,,,,,,,,,,,,,
,,,,,,,,,,,,,,
,,,,,,,,,,,,,,
,,,,,,,,,,,,,,
,,,,,,,,,,,,,,
,,,,,,,,,,,,,,
,,,,,,,,,,,,,,
,,,,,,,,,,,,,,
,,,,,,,,,,,,,,
,,,,,,,,,,,,,,
,,,,,,,,,,,,,,
,,,,,,,,,,,,,,
,,,,,,,,,,,,,,
,,,,,,,,,,,,,,
,,,,,,,,,,,,,,
,,,,,,,,,,,,,,
,,,,,,,,,,,,,,
,,,,,,,,,,,,,,
,,,,,,,,,,,,,,
,,,,,,,,,,,,,,
,,,,,,,,,,,,,,
,,,,,,,,,,,,,,
,,,,,,,,,,,,,,
,,,,,,,,,,,,,,
,,,,,,,,,,,,,,
,,,,,,,,,,,,,,
,,,,,,,,,,,,,,
,,,,,,,,,,,,,,
,,,,,,,,,,,,,,
,,,,,,,,,,,,,,
,,,,,,,,,,,,,,
,,,,,,,,,,,,,,
,,,,,,,,,,,,,,
,,,,,,,,,,,,,,
,,,,,,,,,,,,,,
,,,,,,,,,,,,,,
,,,,,,,,,,,,,,
,,,,,,,,,,,,,,
,,,,,,,,,,,,,,
,,,,,,,,,,,,,,
,,,,,,,,,,,,,,
,,,,,,,,,,,,,,
,,,,,,,,,,,,,,
,,,,,,,,,,,,,,
,,,,,,,,,,,,,,
,,,,,,,,,,,,,,
,,,,,,,,,,,,,,
,,,,,,,,,,,,,,
,,,,,,,,,,,,,,
,,,,,,,,,,,,,,
,,,,,,,,,,,,,,
,,,,,,,,,,,,,,
,,,,,,,,,,,,,,
,,,,,,,,,,,,,,
,,,,,,,,,,,,,,
,,,,,,,,,,,,,,
,,,,,,,,,,,,,,
,,,,,,,,,,,,,,
,,,,,,,,,,,,,,
,,,,,,,,,,,,,,
,,,,,,,,,,,,,,
,,,,,,,,,,,,,,
,,,,,,,,,,,,,,
,,,,,,,,,,,,,,
,,,,,,,,,,,,,,
,,,,,,,,,,,,,,
,,,,,,,,,,,,,,
,,,,,,,,,,,,,,
,,,,,,,,,,,,,,
,,,,,,,,,,,,,,
,,,,,,,,,,,,,,
,,,,,,,,,,,,,,
,,,,,,,,,,,,,,
,,,,,,,,,,,,,,
,,,,,,,,,,,,,,
,,,,,,,,,,,,,,
,,,,,,,,,,,,,,
,,,,,,,,,,,,,,
,,,,,,,,,,,,,,
,,,,,,,,,,,,,,
,,,,,,,,,,,,,,
,,,,,,,,,,,,,,
,,,,,,,,,,,,,,
,,,,,,,,,,,,,,
,,,,,,,,,,,,,,
,,,,,,,,,,,,,,
,,,,,,,,,,,,,,
,,,,,,,,,,,,,,
,,,,,,,,,,,,,,
,,,,,,,,,,,,,,
,,,,,,,,,,,,,,
,,,,,,,,,,,,,,
,,,,,,,,,,,,,,
,,,,,,,,,,,,,,
,,,,,,,,,,,,,,
,,,,,,,,,,,,,,
,,,,,,,,,,,,,,
,,,,,,,,,,,,,,
,,,,,,,,,,,,,,
,,,,,,,,,,,,,,
,,,,,,,,,,,,,,
,,,,,,,,,,,,,,
,,,,,,,,,,,,,,
,,,,,,,,,,,,,,
,,,,,,,,,,,,,,
,,,,,,,,,,,,,,
,,,,,,,,,,,,,,
,,,,,,,,,,,,,,
,,,,,,,,,,,,,,
,,,,,,,,,,,,,,
,,,,,,,,,,,,,,
,,,,,,,,,,,,,,
,,,,,,,,,,,,,,
,,,,,,,,,,,,,,
,,,,,,,,,,,,,,
,,,,,,,,,,,,,,
,,,,,,,,,,,,,,
,,,,,,,,,,,,,,
,,,,,,,,,,,,,,
,,,,,,,,,,,,,,
,,,,,,,,,,,,,,
,,,,,,,,,,,,,,
,,,,,,,,,,,,,,
,,,,,,,,,,,,,,
,,,,,,,,,,,,,,
,,,,,,,,,,,,,,
,,,,,,,,,,,,,,
,,,,,,,,,,,,,,
,,,,,,,,,,,,,,
,,,,,,,,,,,,,,
,,,,,,,,,,,,,,
,,,,,,,,,,,,,,
,,,,,,,,,,,,,,
,,,,,,,,,,,,,,
,,,,,,,,,,,,,,
,,,,,,,,,,,,,,
,,,,,,,,,,,,,,
,,,,,,,,,,,,,,
,,,,,,,,,,,,,,
,,,,,,,,,,,,,,
,,,,,,,,,,,,,,
,,,,,,,,,,,,,,
,,,,,,,,,,,,,,
,,,,,,,,,,,,,,
,,,,,,,,,,,,,,
,,,,,,,,,,,,,,
,,,,,,,,,,,,,,
,,,,,,,,,,,,,,
,,,,,,,,,,,,,,
,,,,,,,,,,,,,,
,,,,,,,,,,,,,,
,,,,,,,,,,,,,,
,,,,,,,,,,,,,,
,,,,,,,,,,,,,,
,,,,,,,,,,,,,,
,,,,,,,,,,,,,,
,,,,,,,,,,,,,,
,,,,,,,,,,,,,,
,,,,,,,,,,,,,,
,,,,,,,,,,,,,,
,,,,,,,,,,,,,,
,,,,,,,,,,,,,,
,,,,,,,,,,,,,,
,,,,,,,,,,,,,,
,,,,,,,,,,,,,,
,,,,,,,,,,,,,,
,,,,,,,,,,,,,,
,,,,,,,,,,,,,,
,,,,,,,,,,,,,,
,,,,,,,,,,,,,,
,,,,,,,,,,,,,,
,,,,,,,,,,,,,,
,,,,,,,,,,,,,,
,,,,,,,,,,,,,,
,,,,,,,,,,,,,,
,,,,,,,,,,,,,,
,,,,,,,,,,,,,,
,,,,,,,,,,,,,,
,,,,,,,,,,,,,,
,,,,,,,,,,,,,,
,,,,,,,,,,,,,,
,,,,,,,,,,,,,,
,,,,,,,,,,,,,,
,,,,,,,,,,,,,,
,,,,,,,,,,,,,,
,,,,,,,,,,,,,,
,,,,,,,,,,,,,,
,,,,,,,,,,,,,,
,,,,,,,,,,,,,,
,,,,,,,,,,,,,,
,,,,,,,,,,,,,,
,,,,,,,,,,,,,,
,,,,,,,,,,,,,,
,,,,,,,,,,,,,,
,,,,,,,,,,,,,,
,,,,,,,,,,,,,,
,,,,,,,,,,,,,,
,,,,,,,,,,,,,,
,,,,,,,,,,,,,,
,,,,,,,,,,,,,,
,,,,,,,,,,,,,,
,,,,,,,,,,,,,,
,,,,,,,,,,,,,,
,,,,,,,,,,,,,,
,,,,,,,,,,,,,,
,,,,,,,,,,,,,,
,,,,,,,,,,,,,,
,,,,,,,,,,,,,,
,,,,,,,,,,,,,,
,,,,,,,,,,,,,,
,,,,,,,,,,,,,,
,,,,,,,,,,,,,,
,,,,,,,,,,,,,,
,,,,,,,,,,,,,,
,,,,,,,,,,,,,,
,,,,,,,,,,,,,,
,,,,,,,,,,,,,,
,,,,,,,,,,,,,,
,,,,,,,,,,,,,,
,,,,,,,,,,,,,,
,,,,,,,,,,,,,,
,,,,,,,,,,,,,,
,,,,,,,,,,,,,,
,,,,,,,,,,,,,,
,,,,,,,,,,,,,,
,,,,,,,,,,,,,,
,,,,,,,,,,,,,,
,,,,,,,,,,,,,,
,,,,,,,,,,,,,,
,,,,,,,,,,,,,,
,,,,,,,,,,,,,,
,,,,,,,,,,,,,,
,,,,,,,,,,,,,,
,,,,,,,,,,,,,,
,,,,,,,,,,,,,,
,,,,,,,,,,,,,,
,,,,,,,,,,,,,,
,,,,,,,,,,,,,,
,,,,,,,,,,,,,,
,,,,,,,,,,,,,,
,,,,,,,,,,,,,,
,,,,,,,,,,,,,,
,,,,,,,,,,,,,,
,,,,,,,,,,,,,,
,,,,,,,,,,,,,,
,,,,,,,,,,,,,,
,,,,,,,,,,,,,,
,,,,,,,,,,,,,,
,,,,,,,,,,,,,,
,,,,,,,,,,,,,,
,,,,,,,,,,,,,,
,,,,,,,,,,,,,,
,,,,,,,,,,,,,,
,,,,,,,,,,,,,,
,,,,,,,,,,,,,,
,,,,,,,,,,,,,,
,,,,,,,,,,,,,,
,,,,,,,,,,,,,,
,,,,,,,,,,,,,,
,,,,,,,,,,,,,,
,,,,,,,,,,,,,,
,,,,,,,,,,,,,,
,,,,,,,,,,,,,,
,,,,,,,,,,,,,,
,,,,,,,,,,,,,,
,,,,,,,,,,,,,,
,,,,,,,,,,,,,,
,,,,,,,,,,,,,,
,,,,,,,,,,,,,,
,,,,,,,,,,,,,,
,,,,,,,,,,,,,,
,,,,,,,,,,,,,,
,,,,,,,,,,,,,,
,,,,,,,,,,,,,,
,,,,,,,,,,,,,,
,,,,,,,,,,,,,,
,,,,,,,,,,,,,,
,,,,,,,,,,,,,,
,,,,,,,,,,,,,,
,,,,,,,,,,,,,,
,,,,,,,,,,,,,,
,,,,,,,,,,,,,,
,,,,,,,,,,,,,,
,,,,,,,,,,,,,,
,,,,,,,,,,,,,,
,,,,,,,,,,,,,,
,,,,,,,,,,,,,,
,,,,,,,,,,,,,,
,,,,,,,,,,,,,,
,,,,,,,,,,,,,,
,,,,,,,,,,,,,,
,,,,,,,,,,,,,,
,,,,,,,,,,,,,,
,,,,,,,,,,,,,,
,,,,,,,,,,,,,,
,,,,,,,,,,,,,,
,,,,,,,,,,,,,,
,,,,,,,,,,,,,,
,,,,,,,,,,,,,,
,,,,,,,,,,,,,,
,,,,,,,,,,,,,,
,,,,,,,,,,,,,,
,,,,,,,,,,,,,,
,,,,,,,,,,,,,,
,,,,,,,,,,,,,,
,,,,,,,,,,,,,,
,,,,,,,,,,,,,,
,,,,,,,,,,,,,,
,,,,,,,,,,,,,,
,,,,,,,,,,,,,,
,,,,,,,,,,,,,,
,,,,,,,,,,,,,,
,,,,,,,,,,,,,,
,,,,,,,,,,,,,,
,,,,,,,,,,,,,,
,,,,,,,,,,,,,,
,,,,,,,,,,,,,,
,,,,,,,,,,,,,,
,,,,,,,,,,,,,,
,,,,,,,,,,,,,,
,,,,,,,,,,,,,,
,,,,,,,,,,,,,,
,,,,,,,,,,,,,,
,,,,,,,,,,,,,,
,,,,,,,,,,,,,,
,,,,,,,,,,,,,,
,,,,,,,,,,,,,,
,,,,,,,,,,,,,,
,,,,,,,,,,,,,,
,,,,,,,,,,,,,,
,,,,,,,,,,,,,,
,,,,,,,,,,,,,,
,,,,,,,,,,,,,,
,,,,,,,,,,,,,,
,,,,,,,,,,,,,,
,,,,,,,,,,,,,,
,,,,,,,,,,,,,,
,,,,,,,,,,,,,,
,,,,,,,,,,,,,,
,,,,,,,,,,,,,,
,,,,,,,,,,,,,,
,,,,,,,,,,,,,,
,,,,,,,,,,,,,,
,,,,,,,,,,,,,,
,,,,,,,,,,,,,,
,,,,,,,,,,,,,,
,,,,,,,,,,,,,,
,,,,,,,,,,,,,,
,,,,,,,,,,,,,,
,,,,,,,,,,,,,,
,,,,,,,,,,,,,,
,,,,,,,,,,,,,,
,,,,,,,,,,,,,,
,,,,,,,,,,,,,,
,,,,,,,,,,,,,,
,,,,,,,,,,,,,,
,,,,,,,,,,,,,,
,,,,,,,,,,,,,,
,,,,,,,,,,,,,,
,,,,,,,,,,,,,,
,,,,,,,,,,,,,,
,,,,,,,,,,,,,,
,,,,,,,,,,,,,,
,,,,,,,,,,,,,,
,,,,,,,,,,,,,,
,,,,,,,,,,,,,,
,,,,,,,,,,,,,,
,,,,,,,,,,,,,,
,,,,,,,,,,,,,,
,,,,,,,,,,,,,,
,,,,,,,,,,,,,,
,,,,,,,,,,,,,,
,,,,,,,,,,,,,,
,,,,,,,,,,,,,,
,,,,,,,,,,,,,,
,,,,,,,,,,,,,,
,,,,,,,,,,,,,,
,,,,,,,,,,,,,,
,,,,,,,,,,,,,,
,,,,,,,,,,,,,,
,,,,,,,,,,,,,,
,,,,,,,,,,,,,,
,,,,,,,,,,,,,,
,,,,,,,,,,,,,,
,,,,,,,,,,,,,,
,,,,,,,,,,,,,,
,,,,,,,,,,,,,,
,,,,,,,,,,,,,,
,,,,,,,,,,,,,,
,,,,,,,,,,,,,,
,,,,,,,,,,,,,,
,,,,,,,,,,,,,,
,,,,,,,,,,,,,,
,,,,,,,,,,,,,,
,,,,,,,,,,,,,,
,,,,,,,,,,,,,,
,,,,,,,,,,,,,,
,,,,,,,,,,,,,,
,,,,,,,,,,,,,,
,,,,,,,,,,,,,,
,,,,,,,,,,,,,,
,,,,,,,,,,,,,,
,,,,,,,,,,,,,,
,,,,,,,,,,,,,,
,,,,,,,,,,,,,,
,,,,,,,,,,,,,,
,,,,,,,,,,,,,,
,,,,,,,,,,,,,,
,,,,,,,,,,,,,,
,,,,,,,,,,,,,,
,,,,,,,,,,,,,,
,,,,,,,,,,,,,,
,,,,,,,,,,,,,,
,,,,,,,,,,,,,,
,,,,,,,,,,,,,,
,,,,,,,,,,,,,,
,,,,,,,,,,,,,,
,,,,,,,,,,,,,,
,,,,,,,,,,,,,,
,,,,,,,,,,,,,,
,,,,,,,,,,,,,,
,,,,,,,,,,,,,,
,,,,,,,,,,,,,,
,,,,,,,,,,,,,,
,,,,,,,,,,,,,,
,,,,,,,,,,,,,,
,,,,,,,,,,,,,,
,,,,,,,,,,,,,,
,,,,,,,,,,,,,,
,,,,,,,,,,,,,,
,,,,,,,,,,,,,,
,,,,,,,,,,,,,,
,,,,,,,,,,,,,,
,,,,,,,,,,,,,,
,,,,,,,,,,,,,,
,,,,,,,,,,,,,,
,,,,,,,,,,,,,,
,,,,,,,,,,,,,,
,,,,,,,,,,,,,,
,,,,,,,,,,,,,,
,,,,,,,,,,,,,,
,,,,,,,,,,,,,,
,,,,,,,,,,,,,,
,,,,,,,,,,,,,,
,,,,,,,,,,,,,Climate change,
,,,,,,,,,,,,,,
,,,,,,,,,,,,,0,
,,,,,,,,,,,,,0,
,,,,,,,,,,,,,0,
,,,,,,,,,,,,,0,
,,,,,,,,,,,,,0,
,,,,,,,,,,,,,0,
,,,,,,,,,,,,,0,
,,,,,,,,,,,,,0,
,,,,,,,,,,,,,0,
,,,,,,,,,,,,,0,
,,,,,,,,,,,,,0,
,,,,,,,,,,,,,0,
,,,,,,,,,,,,,1,
,,,,,,,,,,,,,0,
,,,,,,,,,,,,,0,
,,,,,,,,,,,,,0,
,,,,,,,,,,,,,0,
,,,,,,,,,,,,,0,
,,,,,,,,,,,,,0,
,,,,,,,,,,,,,0,
,,,,,,,,,,,,,0,
,,,,,,,,,,,,,0,
,,,,,,,,,,,,,0,
,,,,,,,,,,,,,0,
,,,,,,,,,,,,,0,
,,,,,,,,,,,,,0,
,,,,,,,,,,,,,0,
,,,,,,,,,,,,,0,
,,,,,,,,,,,,,1,
,,,,,,,,,,,,,0,
,,,,,,,,,,,,,0,
,,,,,,,,,,,,,0,
,,,,,,,,,,,,,0,
,,,,,,,,,,,,,1,
,,,,,,,,,,,,,0,
,,,,,,,,,,,,,0,
,,,,,,,,,,,,,0,
,,,,,,,,,,,,,0,
,,,,,,,,,,,,,0,
,,,,,,,,,,,,,0,
,,,,,,,,,,,,,0,
,,,,,,,,,,,,,0,
,,,,,,,,,,,,,0,
,,,,,,,,,,,,,0,
,,,,,,,,,,,,,0,
,,,,,,,,,,,,,0,
,,,,,,,,,,,,,0,
,,,,,,,,,,,,,1,
,,,,,,,,,,,,,0,
,,,,,,,,,,,,,0,
,,,,,,,,,,,,,0,
,,,,,,,,,,,,,0,
,,,,,,,,,,,,,0,
,,,,,,,,,,,,,0,
,,,,,,,,,,,,,0,
,,,,,,,,,,,,,0,
,,,,,,,,,,,,,0,
,,,,,,,,,,,,,0,
,,,,,,,,,,,,,0,
,,,,,,,,,,,,,0,
,,,,,,,,,,,,,0,
,,,,,,,,,,,,,0,
,,,,,,,,,,,,,0,
,,,,,,,,,,,,,1,
,,,,,,,,,,,,,0,
,,,,,,,,,,,,,0,
,,,,,,,,,,,,,0,
,,,,,,,,,,,,,0,
,,,,,,,,,,,,,1,
,,,,,,,,,,,,,0,
,,,,,,,,,,,,,0,
,,,,,,,,,,,,,0,
,,,,,,,,,,,,,0,
,,,,,,,,,,,,,0,
,,,,,,,,,,,,,0,
,,,,,,,,,,,,,0,
,,,,,,,,,,,,,0,
,,,,,,,,,,,,,0,
,,,,,,,,,,,,,0,
,,,,,,,,,,,,,0,
,,,,,,,,,,,,,0,
,,,,,,,,,,,,,0,
,,,,,,,,,,,,,1,
,,,,,,,,,,,,,0,
,,,,,,,,,,,,,0,
,,,,,,,,,,,,,0,
,,,,,,,,,,,,,0,
,,,,,,,,,,,,,0,
,,,,,,,,,,,,,0,
,,,,,,,,,,,,,0,
,,,,,,,,,,,,,0,
,,,,,,,,,,,,,0,
,,,,,,,,,,,,,0,
,,,,,,,,,,,,,0,
,,,,,,,,,,,,,0,
,,,,,,,,,,,,,0,
,,,,,,,,,,,,,0,
,,,,,,,,,,,,,0,
,,,,,,,,,,,,,1,
,,,,,,,,,,,,,0,
,,,,,,,,,,,,,0,
,,,,,,,,,,,,,0,
,,,,,,,,,,,,,0,
,,,,,,,,,,,,,1,
,,,,,,,,,,,,,0,
,,,,,,,,,,,,,0,
,,,,,,,,,,,,,0,
,,,,,,,,,,,,,0,
,,,,,,,,,,,,,0,
,,,,,,,,,,,,,0,
,,,,,,,,,,,,,0,
,,,,,,,,,,,,,0,
,,,,,,,,,,,,,0,
,,,,,,,,,,,,,0,
,,,,,,,,,,,,,0,
,,,,,,,,,,,,,0,
,,,,,,,,,,,,,0,
,,,,,,,,,,,,,1,
,,,,,,,,,,,,,0,
,,,,,,,,,,,,,0,
,,,,,,,,,,,,,0,
,,,,,,,,,,,,,0,
,,,,,,,,,,,,,0,
,,,,,,,,,,,,,0,
,,,,,,,,,,,,,0,
,,,,,,,,,,,,,0,
,,,,,,,,,,,,,0,
,,,,,,,,,,,,,0,
,,,,,,,,,,,,,0,
,,,,,,,,,,,,,0,
,,,,,,,,,,,,,0,
,,,,,,,,,,,,,0,
,,,,,,,,,,,,,0,
,,,,,,,,,,,,,1,
,,,,,,,,,,,,,0,
,,,,,,,,,,,,,0,
,,,,,,,,,,,,,0,
,,,,,,,,,,,,,0,
,,,,,,,,,,,,,1,
,,,,,,,,,,,,,0,
,,,,,,,,,,,,,0,
,,,,,,,,,,,,,0,
,,,,,,,,,,,,,0,
,,,,,,,,,,,,,0,
,,,,,,,,,,,,,0,
,,,,,,,,,,,,,0,
,,,,,,,,,,,,,0,
,,,,,,,,,,,,,0,
,,,,,,,,,,,,,0,
,,,,,,,,,,,,,0,
,,,,,,,,,,,,,0,
,,,,,,,,,,,,,0,
,,,,,,,,,,,,,1,
,,,,,,,,,,,,,0,
,,,,,,,,,,,,,0,
,,,,,,,,,,,,,0,
,,,,,,,,,,,,,0,
,,,,,,,,,,,,,0,
,,,,,,,,,,,,,0,
,,,,,,,,,,,,,0,
,,,,,,,,,,,,,0,
,,,,,,,,,,,,,0,
,,,,,,,,,,,,,0,
,,,,,,,,,,,,,0,
,,,,,,,,,,,,,0,
,,,,,,,,,,,,,0,
,,,,,,,,,,,,,0,
,,,,,,,,,,,,,0,
,,,,,,,,,,,,,1,
,,,,,,,,,,,,,0,
,,,,,,,,,,,,,0,
,,,,,,,,,,,,,0,
,,,,,,,,,,,,,0,
,,,,,,,,,,,,,1,
,,,,,,,,,,,,,0,
,,,,,,,,,,,,,0,
,,,,,,,,,,,,,0,
,,,,,,,,,,,,,0,
,,,,,,,,,,,,,0,
,,,,,,,,,,,,,0,
,,,,,,,,,,,,,0,
,,,,,,,,,,,,,0,
,,,,,,,,,,,,,0,
,,,,,,,,,,,,,0,
,,,,,,,,,,,,,0,
,,,,,,,,,,,,,0,
,,,,,,,,,,,,,0,
,,,,,,,,,,,,,1,
,,,,,,,,,,,,,0,
,,,,,,,,,,,,,0,
,,,,,,,,,,,,,0,
,,,,,,,,,,,,,0,
,,,,,,,,,,,,,0,
,,,,,,,,,,,,,0,
,,,,,,,,,,,,,0,
,,,,,,,,,,,,,0,
,,,,,,,,,,,,,0,
,,,,,,,,,,,,,0,
,,,,,,,,,,,,,0,
,,,,,,,,,,,,,0,
,,,,,,,,,,,,,0,
,,,,,,,,,,,,,0,
,,,,,,,,,,,,,0,
,,,,,,,,,,,,,1,
,,,,,,,,,,,,,0,
,,,,,,,,,,,,,0,
,,,,,,,,,,,,,0,
,,,,,,,,,,,,,0,
,,,,,,,,,,,,,1,
,,,,,,,,,,,,,0,
,,,,,,,,,,,,,0,
,,,,,,,,,,,,,0,
,,,,,,,,,,,,,0,
,,,,,,,,,,,,,0,
,,,,,,,,,,,,,0,
,,,,,,,,,,,,,0,
,,,,,,,,,,,,,0,
,,,,,,,,,,,,,0,
,,,,,,,,,,,,,0,
,,,,,,,,,,,,,0,
,,,,,,,,,,,,,0,
,,,,,,,,,,,,,0,
,,,,,,,,,,,,,1,
,,,,,,,,,,,,,0,
,,,,,,,,,,,,,0,
,,,,,,,,,,,,,0,
,,,,,,,,,,,,,0,
,,,,,,,,,,,,,0,
,,,,,,,,,,,,,0,
,,,,,,,,,,,,,0,
,,,,,,,,,,,,,0,
,,,,,,,,,,,,,0,
,,,,,,,,,,,,,0,
,,,,,,,,,,,,,0,
,,,,,,,,,,,,,0,
,,,,,,,,,,,,,0,
,,,,,,,,,,,,,0,
,,,,,,,,,,,,,0,
,,,,,,,,,,,,,1,
,,,,,,,,,,,,,0,
,,,,,,,,,,,,,0,
,,,,,,,,,,,,,0,
,,,,,,,,,,,,,0,
,,,,,,,,,,,,,1,
,,,,,,,,,,,,,0,
,,,,,,,,,,,,,0,
,,,,,,,,,,,,,0,
,,,,,,,,,,,,,0,
,,,,,,,,,,,,,0,
,,,,,,,,,,,,,0,
,,,,,,,,,,,,,0,
,,,,,,,,,,,,,0,
,,,,,,,,,,,,,0,
,,,,,,,,,,,,,0,
,,,,,,,,,,,,,0,
,,,,,,,,,,,,,0,
,,,,,,,,,,,,,0,
,,,,,,,,,,,,,1,
,,,,,,,,,,,,,0,
,,,,,,,,,,,,,0,
,,,,,,,,,,,,,0,
,,,,,,,,,,,,,0,
,,,,,,,,,,,,,0,
,,,,,,,,,,,,,0,
,,,,,,,,,,,,,0,
,,,,,,,,,,,,,0,
,,,,,,,,,,,,,0,
,,,,,,,,,,,,,0,
,,,,,,,,,,,,,0,
,,,,,,,,,,,,,0,
,,,,,,,,,,,,,0,
,,,,,,,,,,,,,0,
,,,,,,,,,,,,,0,
,,,,,,,,,,,,,1,
,,,,,,,,,,,,,0,
,,,,,,,,,,,,,0,
,,,,,,,,,,,,,0,
,,,,,,,,,,,,,0,
,,,,,,,,,,,,,1,
,,,,,,,,,,,,,0,
,,,,,,,,,,,,,0,
,,,,,,,,,,,,,0,
,,,,,,,,,,,,,0,
,,,,,,,,,,,,,0,
,,,,,,,,,,,,,0,
,,,,,,,,,,,,,0,
,,,,,,,,,,,,,0,
,,,,,,,,,,,,,0,
,,,,,,,,,,,,,0,
,,,,,,,,,,,,,0,
,,,,,,,,,,,,,0,
,,,,,,,,,,,,,0,
,,,,,,,,,,,,,1,
,,,,,,,,,,,,,0,
,,,,,,,,,,,,,0,
,,,,,,,,,,,,,0,
,,,,,,,,,,,,,0,
,,,,,,,,,,,,,0,
,,,,,,,,,,,,,0,
,,,,,,,,,,,,,0,
,,,,,,,,,,,,,0,
,,,,,,,,,,,,,0,
,,,,,,,,,,,,,0,
,,,,,,,,,,,,,0,
,,,,,,,,,,,,,0,
,,,,,,,,,,,,,0,
,,,,,,,,,,,,,0,
,,,,,,,,,,,,,0,
,,,,,,,,,,,,,1,
,,,,,,,,,,,,,0,
,,,,,,,,,,,,,0,
,,,,,,,,,,,,,0,
,,,,,,,,,,,,,0,
,,,,,,,,,,,,,1,
,,,,,,,,,,,,,0,
,,,,,,,,,,,,,0,
,,,,,,,,,,,,,0,
,,,,,,,,,,,,,0,
,,,,,,,,,,,,,0,
,,,,,,,,,,,,,0,
,,,,,,,,,,,,,0,
,,,,,,,,,,,,,0,
,,,,,,,,,,,,,0,
,,,,,,,,,,,,,0,
,,,,,,,,,,,,,0,
,,,,,,,,,,,,,0,
,,,,,,,,,,,,,0,
,,,,,,,,,,,,,1,
,,,,,,,,,,,,,0,
,,,,,,,,,,,,,0,
,,,,,,,,,,,,,0,
,,,,,,,,,,,,,0,
,,,,,,,,,,,,,0,
,,,,,,,,,,,,,0,
,,,,,,,,,,,,,0,
,,,,,,,,,,,,,0,
,,,,,,,,,,,,,0,
,,,,,,,,,,,,,0,
,,,,,,,,,,,,,0,
,,,,,,,,,,,,,0,
,,,,,,,,,,,,,0,
,,,,,,,,,,,,,0,
,,,,,,,,,,,,,0,
,,,,,,,,,,,,,1,
,,,,,,,,,,,,,0,
,,,,,,,,,,,,,0,
,,,,,,,,,,,,,0,
,,,,,,,,,,,,,0,
,,,,,,,,,,,,,1,
,,,,,,,,,,,,,0,